日付,【得意先】,伝票番号,商品名,数量,単位,単価,金額,粗利
2020-06-23,三機工業　株式会社　（愛知県勝西/尾久）,377120,水銀メーター,3 ,個,40000 ,132000 ,132000 
2020-06-30,三機工業　株式会社　（新河岸/赤城）,370057,混合廃棄物,4 ,m3,10000 ,44000 ,44000 
2020-04-02,三機工業　株式会社　（北多摩/田中）,359401,混合廃棄物,8 ,m3,10000 ,88000 ,88000 
2020-05-14,三機工業　株式会社　（北多摩/田中）,364077,廃油（廃塗料）,290 ,L,250 ,79750 ,79750 
2020-05-14,三機工業　株式会社　（北多摩/田中）,364079,廃油,120 ,L,150 ,19800 ,19800 
2020-05-14,三機工業　株式会社　（北多摩/田中）,364080,燃え殻（特別管理産業廃棄物）,930 ,kg,150 ,153450 ,153450 
2020-05-19,三機工業　株式会社　（北多摩/田中）,364476,混合廃棄物,6 ,m3,10000 ,66000 ,66000 
2020-05-19,三機工業　株式会社　（北多摩/田中）,364476,混合廃棄物（処理困難物）伸縮継手,2 ,m3,18000 ,39600 ,39600 
2020-06-03,三機工業　株式会社　（北多摩/田中）,366426,混合廃棄物,8 ,m3,10000 ,88000 ,88000 
2020-06-08,三機工業　株式会社　（多摩川/尾久）,367153,混合廃棄物（ＦＲＰ）,16 ,m3,18000 ,316800 ,316800 
2020-06-08,三機工業　株式会社　（多摩川/尾久）,367155,混合廃棄物（ＦＲＰ）,10 ,m3,18000 ,198000 ,198000 
2020-06-10,三機工業　株式会社　（多摩川/尾久）,367368,混合廃棄物（ＦＲＰ）,6 ,m3,18000 ,118800 ,118800 
2020-06-19,三機工業　株式会社　（多摩川/尾久）,368627,混合廃棄物（ＦＲＰ）,7 ,m3,18000 ,138600 ,138600 
2020-06-19,三機工業　株式会社　（多摩川/尾久）,368899,二次製品,2 ,m3,8000 ,17600 ,17600 
2020-06-22,三機工業　株式会社　（多摩川/尾久）,368881,混合廃棄物（ＦＲＰ）,3 ,m3,18000 ,59400 ,59400 
2020-06-22,三機工業　株式会社　（多摩川/尾久）,368902,コンクリ－トがら　無筋,2 ,m3,6000 ,13200 ,13200 
2020-06-24,三機工業　株式会社　（多摩川/尾久）,369169,混合廃棄物（ＦＲＰ）,6 ,m3,18000 ,118800 ,118800 
2020-06-24,三機工業　株式会社　（多摩川/尾久）,369500,二次製品,2 ,m3,8000 ,17600 ,17600 
2020-06-24,三機工業　株式会社　（多摩川/尾久）,369503,二次製品,2 ,m3,8000 ,17600 ,17600 
2020-06-26,三機工業　株式会社　（多摩川/尾久）,369507,混合廃棄物（ＦＲＰ）　14138734652,5 ,m3,18000 ,99000 ,99000 
2020-06-26,三機工業　株式会社　（多摩川/尾久）,369507,混合廃棄物　14138734663,2 ,m3,10000 ,22000 ,22000 
2020-06-26,三機工業　株式会社　（多摩川/尾久）,370103,二次製品,2 ,m3,8000 ,17600 ,17600 
2020-06-26,三機工業　株式会社　（多摩川/尾久）,370106,二次製品,2 ,m3,8000 ,17600 ,17600 
2020-06-30,三機工業　株式会社　（多摩川/尾久）,371120,事務手数料,1 ,式,1500 ,1650 ,1650 
2020-06-30,三機工業　株式会社　（多摩川/尾久）,371120,一般廃棄物,1 ,式,17000 ,18700 ,18700 
2020-06-03,三機工業　株式会社　（北多摩/安田）,366447,運搬費（7ｔﾕﾆｯｸ）,1 ,台,35000 ,38500 ,38500 
2020-06-17,三機工業　株式会社　（北多摩/安田）,368241,運搬費,1 ,台,25000 ,27500 ,27500 
2020-06-17,三機工業　株式会社　（北多摩/安田）,368529,運搬費,1 ,台,55000 ,60500 ,60500 
2020-06-23,三機工業　株式会社　（愛知県勝西/尾久）,377120,運搬費,1 ,台,80000 ,88000 ,88000 
2020-06-23,三機工業　株式会社　（愛知県勝西/尾久）,377120,運搬費,0 ,,0 ,0 ,0 
2020-06-30,三機工業　株式会社　（新河岸/赤城）,370057,運搬費（4ｔｃ）,1 ,台,21000 ,23100 ,23100 
2020-04-02,三機工業　株式会社　（北多摩/田中）,359401,運搬費（4ｔｃ）,1 ,台,25000 ,27500 ,27500 
2020-04-02,三機工業　株式会社　（北多摩/田中）,359406,運搬費（4ｔﾕﾆｯｸ）,1 ,台,35000 ,38500 ,38500 
2020-05-14,三機工業　株式会社　（北多摩/田中）,364080,運搬費（三ヵ所下ろし）,1 ,台,48000 ,52800 ,52800 
2020-05-19,三機工業　株式会社　（北多摩/田中）,364476,運搬費（4ｔｃ）,1 ,台,25000 ,27500 ,27500 
2020-05-19,三機工業　株式会社　（北多摩/田中）,364509,運搬費（ｽｸﾗｯﾌﾟ）,1 ,台,25000 ,27500 ,27500 
2020-06-03,三機工業　株式会社　（北多摩/田中）,366426,運搬費（4ｔｃ）,1 ,台,25000 ,27500 ,27500 
2020-06-03,三機工業　株式会社　（北多摩/田中）,366460,運搬費（4ｔﾕﾆｯｸ）,1 ,台,35000 ,38500 ,38500 
2020-06-08,三機工業　株式会社　（多摩川/尾久）,367153,運搬費（4ｔﾕﾆｯｸ）,1 ,台,35000 ,38500 ,38500 
2020-06-08,三機工業　株式会社　（多摩川/尾久）,367155,運搬費（4ｔｃ）,1 ,台,25000 ,27500 ,27500 
2020-06-10,三機工業　株式会社　（多摩川/尾久）,367368,運搬費（4ｔｃ）,1 ,台,25000 ,27500 ,27500 
2020-06-19,三機工業　株式会社　（多摩川/尾久）,368627,運搬費（4ｔﾕﾆｯｸ）,1 ,台,35000 ,38500 ,38500 
2020-06-19,三機工業　株式会社　（多摩川/尾久）,368899,運搬費（4ｔｃ）,1 ,台,25000 ,27500 ,27500 
2020-06-22,三機工業　株式会社　（多摩川/尾久）,368881,運搬費（4ｔﾕﾆｯｸ）,1 ,台,35000 ,38500 ,38500 
2020-06-22,三機工業　株式会社　（多摩川/尾久）,368902,運搬費（4ｔｃ）,1 ,台,25000 ,27500 ,27500 
2020-06-24,三機工業　株式会社　（多摩川/尾久）,369169,運搬費（4ｔﾕﾆｯｸ）,1 ,台,35000 ,38500 ,38500 
2020-06-24,三機工業　株式会社　（多摩川/尾久）,369500,運搬費（4ｔｃ）,1 ,台,25000 ,27500 ,27500 
2020-06-24,三機工業　株式会社　（多摩川/尾久）,369503,運搬費（4ｔｃ）,1 ,台,25000 ,27500 ,27500 
2020-06-26,三機工業　株式会社　（多摩川/尾久）,369507,運搬費（4ｔﾕﾆｯｸ）,1 ,台,35000 ,38500 ,38500 
2020-06-26,三機工業　株式会社　（多摩川/尾久）,370103,運搬費（4ｔｃ）,1 ,台,25000 ,27500 ,27500 
2020-06-26,三機工業　株式会社　（多摩川/尾久）,370106,運搬費（4ｔｄ）,1 ,台,25000 ,27500 ,27500 
2020-06-09,三機工業　株式会社　（北多摩/安田）,367222,運搬費（4ｔﾕﾆｯｸ）,1 ,台,35000 ,38500 ,38500 
2020-07-21,三機工業　株式会社　（新河岸/赤城）,372978,混合廃棄物,6 ,m3,10000 ,66000 ,38500 
2020-07-31,三機工業　株式会社　（新河岸/赤城）,375163,事務手数料,1 ,式,1500 ,1650 ,336600 
2020-07-31,三機工業　株式会社　（新河岸/赤城）,375163,一般廃棄物（7/14～7/31）,1 ,式,3800 ,4180 ,66000 
2020-08-17,三機工業　株式会社　（新河岸/赤城）,376384,がれき類（耐火材）,4490 ,kg,25 ,123475 ,1650 
2020-08-18,三機工業　株式会社　（新河岸/赤城）,376309,混合廃棄物,9 ,m3,10000 ,99000 ,4180 
2020-08-18,三機工業　株式会社　（新河岸/赤城）,376387,がれき類（耐火材）,5770 ,kg,25 ,158675 ,123475 
2020-08-24,三機工業　株式会社　（新河岸/赤城）,377069,混合廃棄物,9 ,m3,10000 ,99000 ,99000 
2020-08-31,三機工業　株式会社　（新河岸/赤城）,378453,コンテナ用シートリース料,1 ,枚,4000 ,4400 ,158675 
2020-08-31,三機工業　株式会社　（新河岸/赤城）,378565,事務手数料,1 ,式,1500 ,1650 ,99000 
2020-08-31,三機工業　株式会社　（新河岸/赤城）,378565,一般廃棄物（8/1～8/31）,1 ,式,5000 ,5500 ,4400 
2020-09-01,三機工業　株式会社　（新河岸/赤城）,378117,混合廃棄物,6 ,m3,10000 ,66000 ,1650 
2020-09-30,三機工業　株式会社　（新河岸/赤城）,382227,コンテナ用シートリース料,1 ,枚,4000 ,4400 ,5500 
2020-09-30,三機工業　株式会社　（新河岸/赤城）,382571,事務手数料,1 ,式,1500 ,1650 ,66000 
2020-09-30,三機工業　株式会社　（新河岸/赤城）,382571,一般廃棄物（9/1～9/30）,1 ,式,5000 ,5500 ,4400 
2020-07-03,三機工業　株式会社　（多摩川/尾久）,371415,コンクリ－トがら　無筋,2 ,m3,6000 ,13200 ,1650 
2020-07-03,三機工業　株式会社　（多摩川/尾久）,371421,コンクリ－トがら　無筋,2 ,m3,6000 ,13200 ,5500 
2020-07-10,三機工業　株式会社　（多摩川/尾久）,371720,混合廃棄物（ＦＲＰ）,6 ,m3,18000 ,118800 ,13200 
2020-07-10,三機工業　株式会社　（多摩川/尾久）,371721,混合廃棄物（ＦＲＰ）,4 ,m3,18000 ,79200 ,13200 
2020-07-10,三機工業　株式会社　（多摩川/尾久）,372151,コンクリ－トがら　無筋,2 ,m3,6000 ,13200 ,118800 
2020-07-10,三機工業　株式会社　（多摩川/尾久）,372157,コンクリ－トがら　無筋,2 ,m3,6000 ,13200 ,79200 
2020-07-31,三機工業　株式会社　（多摩川/尾久）,374396,廃プラスチック類,4 ,m3,10000 ,44000 ,13200 
2020-07-31,三機工業　株式会社　（多摩川/尾久）,374656,コンクリ－トがら　無筋,2 ,m3,6000 ,13200 ,13200 
2020-07-31,三機工業　株式会社　（多摩川/尾久）,374684,コンクリ－トがら　無筋,2 ,m3,6000 ,13200 ,44000 
2020-07-31,三機工業　株式会社　（多摩川/尾久）,374689,コンクリ－トがら　無筋,2 ,m3,6000 ,13200 ,13200 
2020-07-31,三機工業　株式会社　（多摩川/尾久）,375318,事務手数料,1 ,式,1500 ,1650 ,13200 
2020-07-31,三機工業　株式会社　（多摩川/尾久）,375318,一般廃棄物,1 ,式,17000 ,18700 ,13200 
2020-08-06,三機工業　株式会社　（多摩川/尾久）,375374,廃プラスチック類（14174244388）,1 ,m3,10000 ,11000 ,1650 
2020-08-06,三機工業　株式会社　（多摩川/尾久）,375374,木くず（14174244366）,1 ,m3,6000 ,3300 ,18700 
2020-08-06,三機工業　株式会社　（多摩川/尾久）,375374,混合廃棄物Ａ（14174244355）,9 ,m3,10000 ,93500 ,11000 
2020-08-06,三機工業　株式会社　（多摩川/尾久）,376096,コンクリ－トがら　無筋,2 ,m3,6000 ,9900 ,3300 
2020-08-31,三機工業　株式会社　（多摩川/尾久）,378915,事務手数料,1 ,式,1500 ,1650 ,93500 
2020-08-31,三機工業　株式会社　（多摩川/尾久）,378915,一般廃棄物,1 ,式,17000 ,18700 ,9900 
2020-09-30,三機工業　株式会社　（多摩川/尾久）,382796,事務手数料,1 ,式,1500 ,1650 ,1650 
2020-09-30,三機工業　株式会社　（多摩川/尾久）,382796,一般廃棄物,1 ,式,17000 ,18700 ,18700 
2020-07-16,三機工業　株式会社　（飯能/阿部）,372397,混合廃棄物,1 ,m3,10000 ,11000 ,1650 
2020-08-06,三機工業　株式会社　（浅川/岩月）,375822,コンテナ用シート,1 ,枚,5000 ,5500 ,18700 
2020-08-19,三機工業　株式会社　（浅川/岩月）,377031,ドラム缶,3 ,個,3000 ,9900 ,11000 
2020-08-19,三機工業　株式会社　（浅川/岩月）,377031,フレコン,10 ,枚,800 ,8800 ,5500 
2020-09-16,三機工業　株式会社　（浅川/岩月）,380452,コンクリ－トがら　無筋,2550 ,kg,3 ,8415 ,9900 
2020-09-16,三機工業　株式会社　（浅川/岩月）,380454,コンクリ－トがら　無筋,2400 ,kg,3 ,7920 ,8800 
2020-08-18,三機工業　株式会社　（南プラ/橘）,377036,コンテナ用シート,3 ,枚,15000 ,49500 ,8415 
2020-09-02,三機工業　株式会社　（南プラ/橘）,378974,コンクリ－トがら　無筋,2140 ,kg,3 ,7062 ,7920 
2020-07-15,三機工業　株式会社　（新河岸/赤城）,372968,コンテナ設置費,1 ,台,12000 ,13200 ,49500 
2020-07-21,三機工業　株式会社　（新河岸/赤城）,372978,運搬費（4ｔｃ）,1 ,台,21000 ,23100 ,7062 
2020-07-28,三機工業　株式会社　（新河岸/赤城）,373866,運搬費（スクラップ）,1 ,台,25000 ,27500 ,13200 
2020-07-31,三機工業　株式会社　（新河岸/赤城）,374449,運搬費（ｽｸﾗｯﾌﾟ）,1 ,台,25000 ,27500 ,23100 
2020-08-17,三機工業　株式会社　（新河岸/赤城）,376384,運搬費（10ｔｄ）,1 ,台,35000 ,38500 ,27500 
2020-08-18,三機工業　株式会社　（新河岸/赤城）,376309,運搬費（4ｔｃ）,1 ,台,21000 ,23100 ,27500 
2020-08-18,三機工業　株式会社　（新河岸/赤城）,376387,運搬費（10ｔｄ）,1 ,台,35000 ,38500 ,38500 
2020-08-19,三機工業　株式会社　（新河岸/赤城）,376484,運搬費（ｽｸﾗｯﾌﾟ）,1 ,台,25000 ,27500 ,23100 
2020-08-24,三機工業　株式会社　（新河岸/赤城）,377069,運搬費（4ｔｃ）,1 ,台,21000 ,23100 ,38500 
2020-09-01,三機工業　株式会社　（新河岸/赤城）,378117,運搬費（4ｔｃ）,1 ,台,21000 ,23100 ,27500 
2020-07-03,三機工業　株式会社　（多摩川/尾久）,371066,運搬費（4ｔﾕﾆｯｸ）,1 ,台,35000 ,38500 ,23100 
2020-07-03,三機工業　株式会社　（多摩川/尾久）,371415,運搬費（4ｔｄ）,1 ,台,25000 ,27500 ,23100 
2020-07-03,三機工業　株式会社　（多摩川/尾久）,371421,運搬費（4ｔｄ）,1 ,台,25000 ,27500 ,38500 
2020-07-10,三機工業　株式会社　（多摩川/尾久）,371720,運搬費（4ｔﾕﾆｯｸ）,1 ,台,35000 ,38500 ,27500 
2020-07-10,三機工業　株式会社　（多摩川/尾久）,371721,運搬費（4ｔｃ）,1 ,台,25000 ,27500 ,27500 
2020-07-10,三機工業　株式会社　（多摩川/尾久）,372151,運搬費（4ｔｄ）,1 ,台,25000 ,27500 ,38500 
2020-07-10,三機工業　株式会社　（多摩川/尾久）,372157,運搬費（4ｔｄ）,1 ,台,25000 ,27500 ,27500 
2020-07-31,三機工業　株式会社　（多摩川/尾久）,374396,運搬費（4ｔｃ）,1 ,台,25000 ,27500 ,27500 
2020-07-31,三機工業　株式会社　（多摩川/尾久）,374445,運搬費（4ｔﾕﾆｯｸ）,1 ,台,35000 ,38500 ,27500 
2020-07-31,三機工業　株式会社　（多摩川/尾久）,374656,運搬費（4ｔｄ）,1 ,台,25000 ,27500 ,27500 
2020-07-31,三機工業　株式会社　（多摩川/尾久）,374684,運搬費（4ｔｄ）,1 ,台,25000 ,27500 ,38500 
2020-07-31,三機工業　株式会社　（多摩川/尾久）,374689,運搬費（4ｔｄ）,1 ,台,25000 ,27500 ,27500 
2020-08-06,三機工業　株式会社　（多摩川/尾久）,375374,運搬費（4ｔﾕﾆｯｸ）,1 ,台,35000 ,38500 ,27500 
2020-08-06,三機工業　株式会社　（多摩川/尾久）,376096,運搬費（4ｔｄ）,1 ,台,25000 ,27500 ,27500 
2020-07-16,三機工業　株式会社　（飯能/阿部）,372397,運搬費（4ｔﾕﾆｯｸ）,1 ,台,40000 ,44000 ,38500 
2020-08-06,三機工業　株式会社　（浅川/岩月）,375822,コンテナ設置費,1 ,台,12000 ,13200 ,27500 
2020-08-19,三機工業　株式会社　（浅川/岩月）,377031,コンテナ設置費,1 ,台,12000 ,13200 ,44000 
2020-09-16,三機工業　株式会社　（浅川/岩月）,380452,運搬費（4ｔｃ）,1 ,台,27000 ,29700 ,13200 
2020-09-16,三機工業　株式会社　（浅川/岩月）,380454,運搬費（4ｔｃ）,1 ,台,27000 ,29700 ,13200 
2020-08-18,三機工業　株式会社　（南プラ/橘）,377036,コンテナ設置費,3 ,台,12000 ,39600 ,29700 
2020-09-02,三機工業　株式会社　（南プラ/橘）,378974,運搬費（4ｔｃ）,1 ,台,21000 ,23100 ,29700 
2020-11-13,三機工業　株式会社　（新河岸/赤城）,388202,混合廃棄物,4 ,m3,10000 ,44000 ,39600 
2020-10-06,三機工業　株式会社　（新河岸/赤城）,383603,廃油,64 ,L,150 ,10560 ,23100 
2020-10-09,三機工業　株式会社　（新河岸/赤城）,383268,混合廃棄物,5 ,m3,10000 ,55000 ,44000 
2020-10-09,三機工業　株式会社　（新河岸/赤城）,383276,混合廃棄物,8 ,m3,10000 ,88000 ,10560 
2020-10-09,三機工業　株式会社　（新河岸/赤城）,383538,廃塗料,100 ,kg,250 ,27500 ,55000 
2020-10-09,三機工業　株式会社　（新河岸/赤城）,383614,特別管理産業廃棄物（シンナー）1Ｌ缶,5 ,缶,1200 ,6600 ,88000 
2020-10-09,三機工業　株式会社　（新河岸/赤城）,383614,特別管理産業廃棄物（シンナー）4Ｌ缶,2 ,缶,2400 ,5280 ,27500 
2020-10-31,三機工業　株式会社　（新河岸/赤城）,386930,一般廃棄物（10/1～10/6）,1 ,式,1290 ,1419 ,6600 
2020-12-23,三機工業　株式会社　（愛知ﾄｳﾁｭｳ/赤城）,395106,混合廃棄物,2 ,m3,15000 ,33000 ,5280 
2020-11-09,三機工業　株式会社　（山形/片岡）,388707,混合廃棄物,6 ,m3,13500 ,81675 ,1419 
2020-11-17,三機工業　株式会社　（山形/片岡）,390592,混合廃棄物,3 ,m3,13500 ,37125 ,33000 
2020-11-25,三機工業　株式会社　（山形/片岡）,390597,混合廃棄物（金属くず）,4 ,m3,9000 ,39600 ,81675 
2020-11-27,三機工業　株式会社　（山形/片岡）,392359,混合廃棄物,3 ,m3,13500 ,37125 ,37125 
2020-10-13,三機工業　株式会社　（多摩川/尾久）,383683,混合廃棄物,6 ,m3,10000 ,66000 ,39600 
2020-10-13,三機工業　株式会社　（多摩川/尾久）,383684,木くず,15 ,m3,6000 ,99000 ,37125 
2020-10-31,三機工業　株式会社　（多摩川/尾久）,387224,事務手数料,1 ,式,1500 ,1650 ,66000 
2020-10-31,三機工業　株式会社　（多摩川/尾久）,387224,一般廃棄物,1 ,式,17000 ,18700 ,99000 
2020-11-30,三機工業　株式会社　（多摩川/尾久）,391075,事務手数料,1 ,式,1500 ,1650 ,1650 
2020-11-30,三機工業　株式会社　（多摩川/尾久）,391075,一般廃棄物,1 ,式,17000 ,18700 ,18700 
2020-12-02,三機工業　株式会社　（多摩川/尾久）,390624,混合廃棄物（フライト）,5 ,m3,35000 ,192500 ,1650 
2020-12-02,三機工業　株式会社　（多摩川/尾久）,390625,混合廃棄物,13 ,m3,10000 ,143000 ,18700 
2020-12-25,三機工業　株式会社　（多摩川/尾久）,394216,木くず,10 ,m3,6000 ,66000 ,192500 
2020-12-28,三機工業　株式会社　（多摩川/尾久）,394633,ダンボ－ル,13 ,m3,2000 ,28600 ,143000 
2020-12-28,三機工業　株式会社　（多摩川/尾久）,394657,混合廃棄物,6 ,m3,10000 ,66000 ,66000 
2020-12-31,三機工業　株式会社　（多摩川/尾久）,395320,事務手数料,1 ,式,1500 ,1650 ,28600 
2020-12-31,三機工業　株式会社　（多摩川/尾久）,395320,一般廃棄物,1 ,式,17000 ,18700 ,66000 
2020-12-16,三機工業　株式会社　（北多摩/安田）,392689,配線（14294012586）,0 ,,0 ,0 ,1650 
2020-12-16,三機工業　株式会社　（北多摩/安田）,392689,混合廃棄物（14292260275）,5 ,m3,10000 ,55000 ,18700 
2020-10-05,三機工業　株式会社　（浅川/岩月）,382845,コンクリ－トがら　無筋,2030 ,kg,3 ,6699 ,(3080)
2020-10-19,三機工業　株式会社　（浅川/岩月）,384709,コンクリ－トがら　無筋,1730 ,kg,3 ,5709 ,55000 
2020-10-26,三機工業　株式会社　（浅川/岩月）,385363,混合廃棄物,8 ,m3,10000 ,88000 ,6699 
2020-10-28,三機工業　株式会社　（浅川/岩月）,386125,廃油,100 ,L,150 ,16500 ,5709 
2020-11-17,三機工業　株式会社　（浅川/岩月）,388617,木くず（14266123476）,3 ,m3,6000 ,19800 ,88000 
2020-11-17,三機工業　株式会社　（浅川/岩月）,388617,混合廃棄物（14266123487）,5 ,m3,10000 ,55000 ,16500 
2020-11-30,三機工業　株式会社　（浅川/岩月）,390503,コンクリ－トがら　無筋,2230 ,kg,3 ,7359 ,19800 
2020-11-30,三機工業　株式会社　（浅川/岩月）,390516,コンクリ－トがら　無筋,2370 ,kg,3 ,7821 ,55000 
2020-12-15,三機工業　株式会社　（浅川/岩月）,392526,木くず（14293296792）,2 ,m3,6000 ,13200 ,7359 
2020-12-15,三機工業　株式会社　（浅川/岩月）,392526,混合廃棄物（14293296781）,6 ,m3,10000 ,66000 ,7821 
2020-12-17,三機工業　株式会社　（浅川/岩月）,392867,木くず（14295850420）,3 ,m3,6000 ,19800 ,13200 
2020-12-17,三機工業　株式会社　（浅川/岩月）,392867,混合廃棄物（14295850419）,5 ,m3,10000 ,55000 ,66000 
2020-10-22,三機工業　株式会社　（南プラ/橘）,384896,混合廃棄物,6 ,m3,10000 ,66000 ,19800 
2020-10-22,三機工業　株式会社　（南プラ/橘）,386066,コンクリ－トがら　無筋,2800 ,kg,3 ,9240 ,55000 
2020-10-23,三機工業　株式会社　（南プラ/橘）,386071,コンクリ－トがら　無筋,2570 ,kg,3 ,8481 ,66000 
2020-10-26,三機工業　株式会社　（南プラ/橘）,386084,コンクリ－トがら　無筋,2420 ,kg,3 ,7986 ,9240 
2020-10-26,三機工業　株式会社　（南プラ/橘）,386745,コンクリ－トがら　無筋,2410 ,kg,3 ,7953 ,8481 
2020-10-27,三機工業　株式会社　（南プラ/橘）,386058,特車申請費,2 ,台,50000 ,110000 ,7986 
2020-10-27,三機工業　株式会社　（南プラ/橘）,386748,コンクリ－トがら　無筋,2380 ,kg,3 ,7854 ,7953 
2020-10-28,三機工業　株式会社　（南プラ/橘）,386751,コンクリ－トがら　無筋,2590 ,kg,3 ,8547 ,110000 
2020-10-28,三機工業　株式会社　（南プラ/橘）,386757,コンクリ－トがら　無筋,2580 ,kg,3 ,8514 ,7854 
2020-10-29,三機工業　株式会社　（南プラ/橘）,386760,コンクリ－トがら　無筋,2770 ,kg,3 ,9141 ,8547 
2020-10-29,三機工業　株式会社　（南プラ/橘）,386763,コンクリ－トがら　無筋,2510 ,kg,3 ,8283 ,8514 
2020-10-30,三機工業　株式会社　（南プラ/橘）,386766,コンクリ－トがら　無筋,2460 ,kg,3 ,8118 ,9141 
2020-10-30,三機工業　株式会社　（南プラ/橘）,386769,コンクリ－トがら　無筋,2450 ,kg,3 ,8085 ,8283 
2020-10-31,三機工業　株式会社　（南プラ/橘）,386961,メッシュパレットリース料（10/23～,2 ,台,900 ,1980 ,8118 
2020-11-02,三機工業　株式会社　（南プラ/橘）,387121,コンクリ－トがら　無筋,2470 ,kg,3 ,8151 ,8085 
2020-11-02,三機工業　株式会社　（南プラ/橘）,387975,コンクリ－トがら　無筋,2560 ,kg,3 ,8448 ,1980 
2020-11-04,三機工業　株式会社　（南プラ/橘）,387980,コンクリ－トがら　無筋,2340 ,kg,3 ,7722 ,8151 
2020-11-05,三機工業　株式会社　（南プラ/橘）,387984,コンクリ－トがら　無筋,2200 ,kg,3 ,7260 ,8448 
2020-11-06,三機工業　株式会社　（南プラ/橘）,388531,コンクリ－トがら　無筋,2340 ,kg,3 ,7722 ,7722 
2020-11-09,三機工業　株式会社　（南プラ/橘）,387493,混合廃棄物,8 ,m3,10000 ,88000 ,7260 
2020-11-09,三機工業　株式会社　（南プラ/橘）,387620,コンクリ－トがら　無筋,2450 ,kg,3 ,8085 ,7722 
2020-11-09,三機工業　株式会社　（南プラ/橘）,387791,コンクリ－トがら　無筋,2030 ,kg,3 ,6699 ,88000 
2020-11-10,三機工業　株式会社　（南プラ/橘）,388144,コンクリ－トがら　無筋,2430 ,kg,3 ,8019 ,8085 
2020-11-10,三機工業　株式会社　（南プラ/橘）,388537,コンクリ－トがら　無筋,2400 ,kg,3 ,7920 ,6699 
2020-11-11,三機工業　株式会社　（南プラ/橘）,388149,コンクリ－トがら　無筋,2610 ,kg,3 ,8613 ,8019 
2020-11-11,三機工業　株式会社　（南プラ/橘）,388663,コンクリ－トがら　無筋,2590 ,kg,3 ,8547 ,7920 
2020-11-11,三機工業　株式会社　（南プラ/橘）,388667,コンクリ－トがら　無筋,2400 ,kg,3 ,7920 ,8613 
2020-11-12,三機工業　株式会社　（南プラ/橘）,388671,コンクリ－トがら　無筋,2310 ,kg,3 ,7623 ,8547 
2020-11-12,三機工業　株式会社　（南プラ/橘）,388676,コンクリ－トがら　無筋,2600 ,kg,3 ,8580 ,7920 
2020-11-12,三機工業　株式会社　（南プラ/橘）,388681,コンクリ－トがら　無筋,2430 ,kg,3 ,8019 ,7623 
2020-11-13,三機工業　株式会社　（南プラ/橘）,388685,コンクリ－トがら　無筋,2110 ,kg,3 ,6963 ,8580 
2020-11-13,三機工業　株式会社　（南プラ/橘）,389508,コンクリ－トがら　無筋,2720 ,kg,3 ,8976 ,8019 
2020-11-16,三機工業　株式会社　（南プラ/橘）,389512,コンクリ－トがら　無筋,2490 ,kg,3 ,8217 ,6963 
2020-11-16,三機工業　株式会社　（南プラ/橘）,389925,コンクリ－トがら　無筋,2250 ,kg,3 ,7425 ,8976 
2020-11-16,三機工業　株式会社　（南プラ/橘）,389928,コンクリ－トがら　無筋,2660 ,kg,3 ,8778 ,8217 
2020-11-17,三機工業　株式会社　（南プラ/橘）,388690,廃油,126 ,L,150 ,20790 ,7425 
2020-11-17,三機工業　株式会社　（南プラ/橘）,389516,コンクリ－トがら　無筋,2380 ,kg,3 ,7854 ,8778 
2020-11-17,三機工業　株式会社　（南プラ/橘）,389520,コンクリ－トがら　無筋,2580 ,kg,3 ,8514 ,20790 
2020-11-17,三機工業　株式会社　（南プラ/橘）,389931,コンクリ－トがら　無筋,2600 ,kg,3 ,8580 ,7854 
2020-11-18,三機工業　株式会社　（南プラ/橘）,389935,コンクリ－トがら　無筋,2630 ,kg,3 ,8679 ,8514 
2020-11-18,三機工業　株式会社　（南プラ/橘）,389941,コンクリ－トがら　無筋,2400 ,kg,3 ,7920 ,8580 
2020-11-18,三機工業　株式会社　（南プラ/橘）,389946,コンクリ－トがら　無筋,2660 ,kg,3 ,8778 ,8679 
2020-11-19,三機工業　株式会社　（南プラ/橘）,389950,コンクリ－トがら　無筋,2710 ,kg,3 ,8943 ,7920 
2020-11-19,三機工業　株式会社　（南プラ/橘）,389953,コンクリ－トがら　無筋,2560 ,kg,3 ,8448 ,8778 
2020-11-19,三機工業　株式会社　（南プラ/橘）,389958,コンクリ－トがら　無筋,2640 ,kg,3 ,8712 ,8943 
2020-11-20,三機工業　株式会社　（南プラ/橘）,389961,コンクリ－トがら　無筋,2380 ,kg,3 ,7854 ,8448 
2020-11-20,三機工業　株式会社　（南プラ/橘）,389964,コンクリ－トがら　無筋,2360 ,kg,3 ,7788 ,8712 
2020-11-20,三機工業　株式会社　（南プラ/橘）,389968,コンクリ－トがら　無筋,2510 ,kg,3 ,8283 ,7854 
2020-11-24,三機工業　株式会社　（南プラ/橘）,389972,コンクリ－トがら　無筋,2320 ,kg,3 ,7656 ,7788 
2020-11-24,三機工業　株式会社　（南プラ/橘）,389976,コンクリ－トがら　無筋,2470 ,kg,3 ,8151 ,8283 
2020-11-24,三機工業　株式会社　（南プラ/橘）,389979,コンクリ－トがら　無筋,2440 ,kg,3 ,8052 ,7656 
2020-11-25,三機工業　株式会社　（南プラ/橘）,389982,コンクリ－トがら　無筋,2290 ,kg,3 ,7557 ,8151 
2020-11-25,三機工業　株式会社　（南プラ/橘）,390320,コンクリ－トがら　無筋,2610 ,kg,3 ,8613 ,8052 
2020-11-26,三機工業　株式会社　（南プラ/橘）,390323,コンクリ－トがら　無筋,2460 ,kg,3 ,8118 ,7557 
2020-11-30,三機工業　株式会社　（南プラ/橘）,390950,メッシュパレットリース料（11/1～,2 ,台,3000 ,6600 ,8613 
2020-12-08,三機工業　株式会社　（南プラ/橘）,392000,蛍光灯,10 ,kg,250 ,2750 ,8118 
2020-12-10,三機工業　株式会社　（南プラ/橘）,392422,コンクリ－トがら　無筋,2630 ,kg,3 ,8679 ,6600 
2020-12-18,三機工業　株式会社　（南プラ/橘）,393100,混合廃棄物,8 ,m3,10000 ,88000 ,2750 
2020-12-18,三機工業　株式会社　（南プラ/橘）,393105,木くず（14297720507）,3 ,m3,6000 ,19800 ,8679 
2020-12-18,三機工業　株式会社　（南プラ/橘）,393105,混合廃棄物（14297720495）,4 ,m3,10000 ,44000 ,88000 
2020-12-31,三機工業　株式会社　（南プラ/橘）,394965,メッシュパレットリース料（12/1～,2 ,台,3000 ,6600 ,19800 
2020-11-12,三機工業　株式会社　（高蔵寺/児平）,388156,コンクリ－トがら,4 ,m3,8500 ,37400 ,44000 
2020-11-19,三機工業　株式会社　（高蔵寺/児平）,389118,コンクリ－トがら,4 ,m3,8500 ,37400 ,6600 
2020-11-27,三機工業　株式会社　（高蔵寺/児平）,390393,がれき類（掘削土）（14277040678）,4 ,m3,25000 ,110000 ,37400 
2020-11-27,三機工業　株式会社　（高蔵寺/児平）,390393,がれき類（掘削土）（14277296514）,3 ,m3,25000 ,82500 ,37400 
2020-10-17,三機工業　株式会社　（山梨/安田）,384276,ｶﾞﾗｽ・ｺﾝｸﾘｰﾄ・陶磁器くず,3 ,m3,15000 ,49500 ,110000 
2020-10-17,三機工業　株式会社　（山梨/安田）,384276,混合廃棄物,6 ,m3,10000 ,66000 ,82500 
2020-11-06,三機工業　株式会社　（呑川/花岡）,387282,木くず（14255923247）,3 ,m3,6000 ,16500 ,49500 
2020-11-06,三機工業　株式会社　（呑川/花岡）,387282,混合廃棄物（14255923269）,5 ,m3,10000 ,55000 ,66000 
2020-11-06,三機工業　株式会社　（呑川/花岡）,387305,コンクリ－トがら　無筋,20 ,kg,25 ,550 ,16500 
2020-12-11,三機工業　株式会社　（呑川/花岡）,392101,木くず（14290000590）,1 ,m3,6000 ,3300 ,55000 
2020-12-11,三機工業　株式会社　（呑川/花岡）,392101,混合廃棄物（14290000589）,6 ,m3,10000 ,66000 ,550 
2020-12-11,三機工業　株式会社　（呑川/花岡）,392531,ＧＣ　軽鉄・スチ－ル類,0 ,,0 ,0 ,3300 
2020-11-02,三機工業　株式会社　（千曲川/折戸）,389126,汚泥,2620 ,kg,37 ,106634 ,66000 
2020-11-13,三機工業　株式会社　（新河岸/赤城）,388202,運搬費（4ｔｃ）,1 ,台,21000 ,23100 ,0 
2020-10-06,三機工業　株式会社　（新河岸/赤城）,383603,運搬費（3ｔｄ）,1 ,台,18000 ,19800 ,106634 
2020-10-09,三機工業　株式会社　（新河岸/赤城）,383268,運搬費（二ヵ所降ろし）,1 ,台,35000 ,38500 ,23100 
2020-10-09,三機工業　株式会社　（新河岸/赤城）,383276,運搬費（二ヵ所降ろし）,1 ,台,35000 ,38500 ,19800 
2020-12-23,三機工業　株式会社　（愛知ﾄｳﾁｭｳ/赤城）,395106,運搬費,1 ,台,40000 ,44000 ,38500 
2020-10-27,三機工業　株式会社　（山形/片岡）,387197,コンテナ設置費（8コンテナ）,1 ,台,11000 ,12100 ,38500 
2020-10-27,三機工業　株式会社　（山形/片岡）,387197,コンテナ設置費（2.5コンテナ）,1 ,台,1000 ,1100 ,44000 
2020-11-09,三機工業　株式会社　（山形/片岡）,388707,運搬費,1 ,台,25000 ,27500 ,12100 
2020-11-17,三機工業　株式会社　（山形/片岡）,390592,運搬費,1 ,台,35000 ,38500 ,1100 
2020-11-25,三機工業　株式会社　（山形/片岡）,390597,運搬費,1 ,台,25000 ,27500 ,27500 
2020-11-27,三機工業　株式会社　（山形/片岡）,392359,運搬費,1 ,台,35000 ,38500 ,38500 
2020-10-13,三機工業　株式会社　（多摩川/尾久）,383683,運搬費（4ｔｄ）,1 ,台,25000 ,27500 ,27500 
2020-10-13,三機工業　株式会社　（多摩川/尾久）,383684,運搬費（4ｔﾕﾆｯｸ）,1 ,台,35000 ,38500 ,38500 
2020-12-02,三機工業　株式会社　（多摩川/尾久）,390624,運搬費（4ｔｃ）,1 ,台,25000 ,27500 ,27500 
2020-12-02,三機工業　株式会社　（多摩川/尾久）,390625,運搬費（4ｔﾕﾆｯｸ）,1 ,台,35000 ,38500 ,38500 
2020-12-25,三機工業　株式会社　（多摩川/尾久）,394216,運搬費（4ｔﾕﾆｯｸ）,1 ,台,35000 ,38500 ,27500 
2020-12-28,三機工業　株式会社　（多摩川/尾久）,394633,運搬費（7ｔﾕﾆｯｸ）,1 ,台,38000 ,41800 ,38500 
2020-12-28,三機工業　株式会社　（多摩川/尾久）,394657,運搬費（4ｔｄ）,1 ,台,25000 ,27500 ,38500 
2020-12-16,三機工業　株式会社　（北多摩/安田）,392689,運搬費（4ｔﾕﾆｯｸ）,1 ,台,35000 ,38500 ,41800 
2020-10-05,三機工業　株式会社　（浅川/岩月）,382845,運搬費（4ｔｃ）,1 ,台,27000 ,29700 ,27500 
2020-10-06,三機工業　株式会社　（浅川/岩月）,382899,運搬費（スクラップ）,1 ,台,25000 ,27500 ,38500 
2020-10-08,三機工業　株式会社　（浅川/岩月）,383209,運搬費（スクラップ）,1 ,台,25000 ,27500 ,29700 
2020-10-08,三機工業　株式会社　（浅川/岩月）,383214,運搬費（スクラップ）,1 ,台,25000 ,27500 ,27500 
2020-10-16,三機工業　株式会社　（浅川/岩月）,384199,運搬費（スクラップ）,1 ,台,25000 ,27500 ,27500 
2020-10-16,三機工業　株式会社　（浅川/岩月）,384203,運搬費（スクラップ）,1 ,台,25000 ,27500 ,27500 
2020-10-19,三機工業　株式会社　（浅川/岩月）,384709,運搬費（4ｔｃ）,1 ,台,27000 ,29700 ,27500 
2020-10-26,三機工業　株式会社　（浅川/岩月）,385363,運搬費（4ｔｃ）,1 ,台,27000 ,29700 ,27500 
2020-10-28,三機工業　株式会社　（浅川/岩月）,386125,運搬費（4ｔﾕﾆｯｸ）,1 ,台,38000 ,41800 ,29700 
2020-11-17,三機工業　株式会社　（浅川/岩月）,388617,運搬費（4ｔｃ）,1 ,台,27000 ,29700 ,29700 
2020-11-26,三機工業　株式会社　（浅川/岩月）,389779,運搬費（スクラップ）,1 ,台,25000 ,27500 ,41800 
2020-11-26,三機工業　株式会社　（浅川/岩月）,389922,運搬費（スクラップ）,1 ,台,25000 ,27500 ,29700 
2020-11-30,三機工業　株式会社　（浅川/岩月）,390503,運搬費（4ｔｃ）,1 ,台,27000 ,29700 ,27500 
2020-11-30,三機工業　株式会社　（浅川/岩月）,390516,運搬費（4ｔｃ）,1 ,台,27000 ,29700 ,27500 
2020-12-15,三機工業　株式会社　（浅川/岩月）,392526,運搬費（4ｔｃ）,1 ,台,27000 ,29700 ,29700 
2020-12-17,三機工業　株式会社　（浅川/岩月）,392867,運搬費（4ｔｃ）,1 ,台,27000 ,29700 ,29700 
2020-10-21,三機工業　株式会社　（南プラ/橘）,384991,運搬費（スクラップ）,2 ,台,25000 ,55000 ,29700 
2020-10-22,三機工業　株式会社　（南プラ/橘）,384896,運搬費（4ｔｃ）,1 ,台,21000 ,23100 ,29700 
2020-10-22,三機工業　株式会社　（南プラ/橘）,384993,運搬費（スクラップ）,1 ,台,25000 ,27500 ,55000 
2020-10-22,三機工業　株式会社　（南プラ/橘）,385125,メッシュパレット設置費,1 ,台,12000 ,13200 ,23100 
2020-10-22,三機工業　株式会社　（南プラ/橘）,386066,運搬費（4ｔｃ）,1 ,台,21000 ,23100 ,27500 
2020-10-23,三機工業　株式会社　（南プラ/橘）,385533,運搬費（トレーラー）,1 ,台,180000 ,198000 ,13200 
2020-10-23,三機工業　株式会社　（南プラ/橘）,385533,運搬費（クレーン）,1 ,台,150000 ,165000 ,23100 
2020-10-23,三機工業　株式会社　（南プラ/橘）,386071,運搬費（4ｔｃ）,1 ,台,21000 ,23100 ,198000 
2020-10-26,三機工業　株式会社　（南プラ/橘）,385462,運搬費（スクラップ）,1 ,台,25000 ,27500 ,165000 
2020-10-26,三機工業　株式会社　（南プラ/橘）,386084,運搬費（4ｔｃ）,1 ,台,21000 ,23100 ,23100 
2020-10-26,三機工業　株式会社　（南プラ/橘）,386745,運搬費（4ｔｃ）,1 ,台,21000 ,23100 ,27500 
2020-10-27,三機工業　株式会社　（南プラ/橘）,386058,運搬費（トレーラー）,1 ,台,180000 ,198000 ,23100 
2020-10-27,三機工業　株式会社　（南プラ/橘）,386058,運搬費（クレーン）,1 ,台,150000 ,165000 ,23100 
2020-10-27,三機工業　株式会社　（南プラ/橘）,386748,運搬費（4ｔｃ）,1 ,台,21000 ,23100 ,198000 
2020-10-28,三機工業　株式会社　（南プラ/橘）,386063,運搬費（スクラップ）,1 ,台,25000 ,27500 ,165000 
2020-10-28,三機工業　株式会社　（南プラ/橘）,386751,運搬費（4ｔｃ）,1 ,台,21000 ,23100 ,23100 
2020-10-28,三機工業　株式会社　（南プラ/橘）,386757,運搬費（4ｔｃ）,1 ,台,21000 ,23100 ,27500 
2020-10-29,三機工業　株式会社　（南プラ/橘）,386760,運搬費（4ｔｃ）,1 ,台,21000 ,23100 ,23100 
2020-10-29,三機工業　株式会社　（南プラ/橘）,386763,運搬費（4ｔｃ）,1 ,台,21000 ,23100 ,23100 
2020-10-30,三機工業　株式会社　（南プラ/橘）,386174,運搬費（スクラップ）,1 ,台,25000 ,27500 ,23100 
2020-10-30,三機工業　株式会社　（南プラ/橘）,386442,運搬費（スクラップ）,1 ,台,25000 ,27500 ,23100 
2020-10-30,三機工業　株式会社　（南プラ/橘）,386766,運搬費（4ｔｃ）,1 ,台,21000 ,23100 ,27500 
2020-10-30,三機工業　株式会社　（南プラ/橘）,386769,運搬費（4ｔｃ）,1 ,台,21000 ,23100 ,27500 
2020-11-02,三機工業　株式会社　（南プラ/橘）,387121,運搬費（4ｔｃ）,1 ,台,21000 ,23100 ,23100 
2020-11-02,三機工業　株式会社　（南プラ/橘）,387975,運搬費（4ｔｃ）,1 ,台,21000 ,23100 ,23100 
2020-11-04,三機工業　株式会社　（南プラ/橘）,387220,運搬費（スクラップ）,1 ,台,25000 ,27500 ,23100 
2020-11-04,三機工業　株式会社　（南プラ/橘）,387980,運搬費（4ｔｃ）,1 ,台,21000 ,23100 ,23100 
2020-11-05,三機工業　株式会社　（南プラ/橘）,387984,運搬費（4ｔｃ）,1 ,台,21000 ,23100 ,27500 
2020-11-06,三機工業　株式会社　（南プラ/橘）,387625,運搬費（スクラップ）,1 ,台,25000 ,27500 ,23100 
2020-11-06,三機工業　株式会社　（南プラ/橘）,388531,運搬費（4ｔｃ）,1 ,台,21000 ,23100 ,23100 
2020-11-09,三機工業　株式会社　（南プラ/橘）,387493,運搬費（4ｔｃ）,1 ,台,21000 ,23100 ,27500 
2020-11-09,三機工業　株式会社　（南プラ/橘）,387620,運搬費（4ｔｃ）,1 ,台,21000 ,23100 ,23100 
2020-11-09,三機工業　株式会社　（南プラ/橘）,387791,運搬費（4ｔｃ）,1 ,台,21000 ,23100 ,23100 
2020-11-10,三機工業　株式会社　（南プラ/橘）,388144,運搬費（4ｔｃ）,1 ,台,21000 ,23100 ,23100 
2020-11-10,三機工業　株式会社　（南プラ/橘）,388537,運搬費（4ｔｃ）,1 ,台,21000 ,23100 ,23100 
2020-11-11,三機工業　株式会社　（南プラ/橘）,387877,運搬費（スクラップ）,1 ,台,25000 ,27500 ,23100 
2020-11-11,三機工業　株式会社　（南プラ/橘）,388149,運搬費（4ｔｃ）,1 ,台,21000 ,23100 ,23100 
2020-11-11,三機工業　株式会社　（南プラ/橘）,388663,運搬費（4ｔｃ）,1 ,台,21000 ,23100 ,27500 
2020-11-11,三機工業　株式会社　（南プラ/橘）,388667,運搬費（4ｔｃ）,1 ,台,21000 ,23100 ,23100 
2020-11-12,三機工業　株式会社　（南プラ/橘）,388671,運搬費（4ｔｃ）,1 ,台,21000 ,23100 ,23100 
2020-11-12,三機工業　株式会社　（南プラ/橘）,388676,運搬費（4ｔｃ）,1 ,台,21000 ,23100 ,23100 
2020-11-12,三機工業　株式会社　（南プラ/橘）,388681,運搬費（4ｔｃ）,1 ,台,21000 ,23100 ,23100 
2020-11-13,三機工業　株式会社　（南プラ/橘）,388221,運搬費（スクラップ）,1 ,台,25000 ,27500 ,23100 
2020-11-13,三機工業　株式会社　（南プラ/橘）,388685,運搬費（4ｔｃ）,1 ,台,21000 ,23100 ,23100 
2020-11-13,三機工業　株式会社　（南プラ/橘）,389508,運搬費（4ｔｃ）,1 ,台,21000 ,23100 ,27500 
2020-11-16,三機工業　株式会社　（南プラ/橘）,389512,運搬費（4ｔｃ）,1 ,台,21000 ,23100 ,23100 
2020-11-16,三機工業　株式会社　（南プラ/橘）,389925,運搬費（4ｔｃ）,1 ,台,21000 ,23100 ,23100 
2020-11-16,三機工業　株式会社　（南プラ/橘）,389928,運搬費（4ｔｃ）,1 ,台,21000 ,23100 ,23100 
2020-11-17,三機工業　株式会社　（南プラ/橘）,388690,運搬費（4ｔｃ）,1 ,台,21000 ,23100 ,23100 
2020-11-17,三機工業　株式会社　（南プラ/橘）,389516,運搬費（4ｔｃ）,1 ,台,21000 ,23100 ,23100 
2020-11-17,三機工業　株式会社　（南プラ/橘）,389520,運搬費（4ｔｃ）,1 ,台,21000 ,23100 ,23100 
2020-11-17,三機工業　株式会社　（南プラ/橘）,389931,運搬費（4ｔｃ）,1 ,台,21000 ,23100 ,23100 
2020-11-18,三機工業　株式会社　（南プラ/橘）,389935,運搬費（4ｔｃ）,1 ,台,21000 ,23100 ,23100 
2020-11-18,三機工業　株式会社　（南プラ/橘）,389941,運搬費（4ｔｃ）,1 ,台,21000 ,23100 ,23100 
2020-11-18,三機工業　株式会社　（南プラ/橘）,389946,運搬費（4ｔｃ）,1 ,台,21000 ,23100 ,23100 
2020-11-19,三機工業　株式会社　（南プラ/橘）,389950,運搬費（4ｔｃ）,1 ,台,21000 ,23100 ,23100 
2020-11-19,三機工業　株式会社　（南プラ/橘）,389953,運搬費（4ｔｃ）,1 ,台,21000 ,23100 ,23100 
2020-11-19,三機工業　株式会社　（南プラ/橘）,389958,運搬費（4ｔｃ）,1 ,台,21000 ,23100 ,23100 
2020-11-20,三機工業　株式会社　（南プラ/橘）,389961,運搬費（4ｔｃ）,1 ,台,21000 ,23100 ,23100 
2020-11-20,三機工業　株式会社　（南プラ/橘）,389964,運搬費（4ｔｃ）,1 ,台,21000 ,23100 ,23100 
2020-11-20,三機工業　株式会社　（南プラ/橘）,389968,運搬費（4ｔｃ）,1 ,台,21000 ,23100 ,23100 
2020-11-24,三機工業　株式会社　（南プラ/橘）,389972,運搬費（4ｔｃ）,1 ,台,21000 ,23100 ,23100 
2020-11-24,三機工業　株式会社　（南プラ/橘）,389976,運搬費（4ｔｃ）,1 ,台,21000 ,23100 ,23100 
2020-11-24,三機工業　株式会社　（南プラ/橘）,389979,運搬費（4ｔｃ）,1 ,台,21000 ,23100 ,23100 
2020-11-25,三機工業　株式会社　（南プラ/橘）,389982,運搬費（4ｔｃ）,1 ,台,21000 ,23100 ,23100 
2020-11-25,三機工業　株式会社　（南プラ/橘）,390320,運搬費（4ｔｃ）,1 ,台,21000 ,23100 ,23100 
2020-11-26,三機工業　株式会社　（南プラ/橘）,389739,運搬費（スクラップ）,1 ,台,25000 ,27500 ,23100 
2020-11-26,三機工業　株式会社　（南プラ/橘）,390323,運搬費（4ｔｃ）,1 ,台,21000 ,23100 ,23100 
2020-12-08,三機工業　株式会社　（南プラ/橘）,392000,運搬費（4ｔｃ）,1 ,台,21000 ,23100 ,27500 
2020-12-10,三機工業　株式会社　（南プラ/橘）,392422,運搬費（4ｔｃ）,1 ,台,21000 ,23100 ,23100 
2020-12-17,三機工業　株式会社　（南プラ/橘）,393868,運搬費（4ｔﾕﾆｯｸ）,1 ,台,28000 ,30800 ,23100 
2020-12-18,三機工業　株式会社　（南プラ/橘）,393100,運搬費（4ｔﾕﾆｯｸ）,1 ,台,28000 ,30800 ,23100 
2020-12-18,三機工業　株式会社　（南プラ/橘）,393105,運搬費（4ｔｃ）,1 ,台,21000 ,23100 ,30800 
2020-10-15,三機工業　株式会社　（多摩川/橋本）,383898,コンテナ設置費,1 ,台,12000 ,13200 ,30800 
2020-10-07,三機工業　株式会社　（高蔵寺/児平）,383983,コンテナ設置費,2 ,台,15000 ,33000 ,23100 
2020-11-12,三機工業　株式会社　（高蔵寺/児平）,388156,運搬費,1 ,台,25000 ,27500 ,13200 
2020-11-19,三機工業　株式会社　（高蔵寺/児平）,389118,運搬費,1 ,台,25000 ,27500 ,33000 
2020-11-27,三機工業　株式会社　（高蔵寺/児平）,390393,運搬費,1 ,台,25000 ,27500 ,27500 
2020-10-17,三機工業　株式会社　（山梨/安田）,384276,運搬費（4ｔﾕﾆｯｸ）,1 ,台,53000 ,58300 ,27500 
2020-11-06,三機工業　株式会社　（呑川/花岡）,387282,運搬費（2ｔｃ）,1 ,台,23000 ,25300 ,27500 
2020-11-06,三機工業　株式会社　（呑川/花岡）,387305,運搬費（2ｔｃ）,1 ,台,23000 ,25300 ,58300 
2020-12-11,三機工業　株式会社　（呑川/花岡）,392101,運搬費（2ｔｃ）,1 ,台,23000 ,25300 ,25300 
2020-11-02,三機工業　株式会社　（千曲川/折戸）,389126,運搬費（10ｔバキューム）,1 ,台,190000 ,209000 ,25300 
2021-01-26,三機工業　株式会社　（北多摩/大原）,399038,シート料,2 ,枚,5000 ,11000 ,11000 
2021-03-19,三機工業　株式会社　（北多摩/大原）,406093,廃油,420 ,L,150 ,69300 ,69300 
2021-01-06,三機工業　株式会社　（新河岸/赤城）,395235,混合廃棄物,2 ,m3,10000 ,16500 ,16500 
2021-01-22,三機工業　株式会社　（愛知ﾄｳﾁｭｳ/赤城）,399249,汚泥,7 ,缶,6000 ,46200 ,46200 
2021-03-17,三機工業　株式会社　（浅川/國分）,405679,廃プラスチック類,8 ,m3,10000 ,88000 ,88000 
2021-03-18,三機工業　株式会社　（浅川/國分）,405795,混合廃棄物,8 ,m3,10000 ,88000 ,88000 
2021-01-31,三機工業　株式会社　（多摩川/尾久）,399623,事務手数料,1 ,式,1500 ,1650 ,1650 
2021-01-31,三機工業　株式会社　（多摩川/尾久）,399623,一般廃棄物,1 ,式,17000 ,18700 ,18700 
2021-02-01,三機工業　株式会社　（多摩川/尾久）,399056,ダンボ－ル,10 ,m3,2000 ,22000 ,22000 
2021-02-01,三機工業　株式会社　（多摩川/尾久）,399091,混合廃棄物,6 ,m3,10000 ,66000 ,66000 
2021-02-01,三機工業　株式会社　（多摩川/尾久）,399106,混合廃棄物,8 ,m3,10000 ,88000 ,88000 
2021-02-25,三機工業　株式会社　（多摩川/尾久）,402478,木くず,5 ,m3,6000 ,33000 ,33000 
2021-02-28,三機工業　株式会社　（多摩川/尾久）,403788,事務手数料,1 ,式,1500 ,1650 ,1650 
2021-02-28,三機工業　株式会社　（多摩川/尾久）,403788,一般廃棄物,1 ,式,17000 ,18700 ,18700 
2021-03-18,三機工業　株式会社　（多摩川/尾久）,405833,混合廃棄物,12 ,m3,10000 ,132000 ,132000 
2021-03-31,三機工業　株式会社　（多摩川/尾久）,408614,事務手数料,1 ,式,1500 ,1650 ,1650 
2021-03-31,三機工業　株式会社　（多摩川/尾久）,408614,一般廃棄物（3/1～3/17）,1 ,式,10200 ,11220 ,11220 
2021-02-10,三機工業　株式会社　（浅川/岩月）,400341,木くず,8 ,m3,6000 ,52800 ,52800 
2021-02-16,三機工業　株式会社　（浅川/岩月）,401109,混合廃棄物,8 ,m3,10000 ,88000 ,88000 
2021-01-12,三機工業　株式会社　（南プラ/橘）,396902,コンクリ－トがら　無筋,2570 ,kg,3 ,8481 ,8481 
2021-01-12,三機工業　株式会社　（南プラ/橘）,396907,コンクリ－トがら　無筋,2580 ,kg,3 ,8514 ,8514 
2021-01-27,三機工業　株式会社　（南プラ/橘）,398314,混合廃棄物,6 ,m3,10000 ,66000 ,66000 
2021-01-27,三機工業　株式会社　（南プラ/橘）,399073,コンクリ－トがら　無筋,2120 ,kg,3 ,6996 ,6996 
2021-01-31,三機工業　株式会社　（南プラ/橘）,399592,メッシュパレットリース料（1/1～,2 ,台,3000 ,6600 ,6600 
2021-02-23,三機工業　株式会社　（南プラ/橘）,402125,混合廃棄物,8 ,m3,10000 ,88000 ,88000 
2021-02-28,三機工業　株式会社　（南プラ/橘）,403743,メッシュパレットリース料（2/1～,2 ,台,3000 ,6600 ,6600 
2021-03-31,三機工業　株式会社　（南プラ/橘）,407805,混合廃棄物,8 ,m3,10000 ,88000 ,88000 
2021-03-31,三機工業　株式会社　（南プラ/橘）,408378,メッシュパレットリース料（3/1～,2 ,台,3000 ,6600 ,6600 
2021-03-23,三機工業　株式会社　（多摩川/橋本）,406502,混合廃棄物,8 ,m3,10000 ,88000 ,88000 
2021-03-23,三機工業　株式会社　（多摩川/橋本）,406502,コンテナ用シート,1 ,枚,5000 ,5500 ,5500 
2021-01-27,三機工業　株式会社　（高蔵寺/児平）,398652,木くず,1 ,m3,6500 ,7150 ,7150 
2021-01-27,三機工業　株式会社　（高蔵寺/児平）,398652,混合廃棄物,1 ,m3,17500 ,19250 ,19250 
2021-01-31,三機工業　株式会社　（高蔵寺/児平）,399252,コンテナリース使用料,2 ,台,15000 ,33000 ,33000 
2021-01-31,三機工業　株式会社　（高蔵寺/児平）,399252,金網使用料,3 ,台,2000 ,6600 ,6600 
2021-02-28,三機工業　株式会社　（高蔵寺/児平）,403278,コンテナリース使用料,2 ,台,15000 ,33000 ,33000 
2021-02-28,三機工業　株式会社　（高蔵寺/児平）,403278,金網使用料,3 ,台,2000 ,6600 ,6600 
2021-03-12,三機工業　株式会社　（高蔵寺/児平）,405630,紙くず（14372985537）,6 ,m3,8500 ,56100 ,56100 
2021-03-12,三機工業　株式会社　（高蔵寺/児平）,405630,コンクリ－トがら（14373002998）,1 ,m3,8500 ,9350 ,9350 
2021-03-12,三機工業　株式会社　（高蔵寺/児平）,405634,木くず（14372998575）,3 ,m3,6500 ,21450 ,21450 
2021-03-12,三機工業　株式会社　（高蔵寺/児平）,405634,金属くず（14373001728）,2 ,m3,2500 ,5500 ,5500 
2021-03-12,三機工業　株式会社　（高蔵寺/児平）,405638,廃プラスチック類,8 ,m3,15000 ,132000 ,132000 
2021-03-25,三機工業　株式会社　（高蔵寺/児平）,408061,混合廃棄物,3 ,m3,17500 ,57750 ,57750 
2021-01-14,三機工業　株式会社　（呑川/花岡）,396195,木くず（14316790348）,2 ,m3,6000 ,13200 ,13200 
2021-01-14,三機工業　株式会社　（呑川/花岡）,396195,混合廃棄物（14316790359）,6 ,m3,10000 ,66000 ,66000 
2021-01-14,三機工業　株式会社　（呑川/花岡）,396218,混合廃棄物,2 ,m3,10000 ,22000 ,22000 
2021-01-28,三機工業　株式会社　（呑川/花岡）,398445,木くず（14331417240）,1 ,m3,6000 ,6600 ,6600 
2021-01-28,三機工業　株式会社　（呑川/花岡）,398445,配線,0 ,,0 ,0 ,(9240)
2021-01-28,三機工業　株式会社　（呑川/花岡）,398445,ＧＣ　軽鉄・スチ－ル類,0 ,,0 ,0 ,(121)
2021-01-28,三機工業　株式会社　（呑川/花岡）,398445,ｶﾞﾗｽ・ｺﾝｸﾘｰﾄ・陶磁器くず,1 ,m3,15000 ,8250 ,8250 
2021-01-28,三機工業　株式会社　（呑川/花岡）,398445,混合廃棄物（14331260538）,6 ,m3,10000 ,66000 ,66000 
2021-02-08,三機工業　株式会社　（呑川/花岡）,400035,混合廃棄物,6 ,m3,10000 ,66000 ,66000 
2021-03-29,三機工業　株式会社　（呑川/花岡）,407474,混合廃棄物,2 ,m3,10000 ,22000 ,22000 
2021-02-28,三機工業　株式会社　（八戸市/佐藤）,403647,一般廃棄物,1 ,式,10000 ,11000 ,2200 
2021-03-31,三機工業　株式会社　（八戸市/佐藤）,407916,一般廃棄物,1 ,式,10000 ,11000 ,2200 
2021-01-28,三機工業　株式会社　（北多摩/大原）,398763,コンテナ設置費,2 ,台,12000 ,26400 ,26400 
2021-03-19,三機工業　株式会社　（北多摩/大原）,406093,運搬費（4ｔｃ）,1 ,台,25000 ,27500 ,27500 
2021-01-06,三機工業　株式会社　（新河岸/赤城）,395235,運搬費（4ｔｃ）,1 ,台,21000 ,23100 ,23100 
2021-01-22,三機工業　株式会社　（愛知ﾄｳﾁｭｳ/赤城）,399249,運搬費,1 ,台,40000 ,44000 ,44000 
2021-03-17,三機工業　株式会社　（浅川/國分）,405679,運搬費（4ｔｃ）,1 ,台,27000 ,29700 ,29700 
2021-03-18,三機工業　株式会社　（浅川/國分）,405795,運搬費（4ｔｃ）,1 ,台,27000 ,29700 ,29700 
2021-02-01,三機工業　株式会社　（多摩川/尾久）,399056,運搬費（4ｔﾕﾆｯｸ）,1 ,台,35000 ,38500 ,38500 
2021-02-01,三機工業　株式会社　（多摩川/尾久）,399091,運搬費（4ｔｄ）,1 ,台,25000 ,27500 ,27500 
2021-02-01,三機工業　株式会社　（多摩川/尾久）,399106,運搬費（4ｔｄ）,1 ,台,25000 ,27500 ,27500 
2021-02-25,三機工業　株式会社　（多摩川/尾久）,402478,運搬費（4ｔｃ）,1 ,台,25000 ,27500 ,27500 
2021-02-25,三機工業　株式会社　（多摩川/尾久）,402629,運搬費（4ｔｃ）,1 ,台,25000 ,27500 ,27500 
2021-03-18,三機工業　株式会社　（多摩川/尾久）,405833,運搬費（4ｔﾕﾆｯｸ）,1 ,台,35000 ,38500 ,38500 
2021-01-28,三機工業　株式会社　（浅川/岩月）,398552,運搬費（スクラップ）,1 ,台,25000 ,27500 ,27500 
2021-01-28,三機工業　株式会社　（浅川/岩月）,398555,運搬費（スクラップ）,1 ,台,25000 ,27500 ,27500 
2021-01-29,三機工業　株式会社　（浅川/岩月）,398745,運搬費（スクラップ）,1 ,台,25000 ,27500 ,27500 
2021-02-10,三機工業　株式会社　（浅川/岩月）,400341,運搬費（4ｔｃ）,1 ,台,27000 ,29700 ,29700 
2021-02-16,三機工業　株式会社　（浅川/岩月）,401109,運搬費（4ｔｃ）,1 ,台,27000 ,29700 ,29700 
2021-01-12,三機工業　株式会社　（南プラ/橘）,396902,運搬費（4ｔｃ）,1 ,台,21000 ,23100 ,23100 
2021-01-12,三機工業　株式会社　（南プラ/橘）,396907,運搬費（4ｔｃ）,1 ,台,21000 ,23100 ,23100 
2021-01-21,三機工業　株式会社　（南プラ/橘）,397379,運搬費（スクラップ）,1 ,台,25000 ,27500 ,27500 
2021-01-27,三機工業　株式会社　（南プラ/橘）,398314,運搬費（4ｔｃ）,1 ,台,21000 ,23100 ,23100 
2021-01-27,三機工業　株式会社　（南プラ/橘）,399073,運搬費（4ｔｃ）,1 ,台,21000 ,23100 ,23100 
2021-02-23,三機工業　株式会社　（南プラ/橘）,402125,運搬費（4ｔｃ）,1 ,台,21000 ,23100 ,23100 
2021-03-31,三機工業　株式会社　（南プラ/橘）,407805,運搬費（4ｔｃ）,1 ,台,21000 ,23100 ,23100 
2021-03-23,三機工業　株式会社　（多摩川/橋本）,406502,運搬費（4ｔｃ）,1 ,台,25000 ,27500 ,27500 
2021-03-25,三機工業　株式会社　（多摩川/橋本）,406970,運搬費（スクラップ）,1 ,台,25000 ,27500 ,27500 
2021-01-27,三機工業　株式会社　（高蔵寺/児平）,398652,運搬費,1 ,台,25000 ,27500 ,27500 
2021-03-12,三機工業　株式会社　（高蔵寺/児平）,405630,運搬費,1 ,台,25000 ,27500 ,27500 
2021-03-12,三機工業　株式会社　（高蔵寺/児平）,405634,運搬費,1 ,台,25000 ,27500 ,27500 
2021-03-12,三機工業　株式会社　（高蔵寺/児平）,405638,運搬費,1 ,台,25000 ,27500 ,27500 
2021-03-25,三機工業　株式会社　（高蔵寺/児平）,408061,運搬費,1 ,台,25000 ,27500 ,27500 
2021-01-14,三機工業　株式会社　（呑川/花岡）,396195,運搬費（2ｔｃ）,1 ,台,23000 ,25300 ,25300 
2021-01-14,三機工業　株式会社　（呑川/花岡）,396218,運搬費（2ｔｃ）,1 ,台,23000 ,25300 ,25300 
2021-01-28,三機工業　株式会社　（呑川/花岡）,398445,運搬費（2ｔｃ）,1 ,台,23000 ,25300 ,25300 
2021-02-08,三機工業　株式会社　（呑川/花岡）,400035,運搬費（2ｔｃ）,1 ,台,23000 ,25300 ,25300 
2021-03-29,三機工業　株式会社　（呑川/花岡）,407474,運搬費（2ｔｃ）,1 ,台,23000 ,25300 ,25300 
2021-06-28,三機工業　株式会社　（清瀬/南中）,419319,混合廃棄物,4 ,m3,10000 ,44000 ,44000 
2021-04-02,三機工業　株式会社　（北多摩/大原）,408072,混合廃棄物,8 ,m3,10000 ,88000 ,88000 
2021-04-14,三機工業　株式会社　（北多摩/大原）,412446,汚泥,360 ,kg,37 ,14652 ,14652 
2021-04-19,三機工業　株式会社　（北多摩/大原）,410628,特車申請費,1 ,台,50000 ,55000 ,55000 
2021-05-07,三機工業　株式会社　（北多摩/大原）,413008,耐火材,7180 ,kg,25 ,197450 ,197450 
2021-05-07,三機工業　株式会社　（北多摩/大原）,413011,耐火材,7130 ,kg,25 ,196075 ,196075 
2021-05-07,三機工業　株式会社　（北多摩/大原）,413013,耐火材,9400 ,kg,25 ,258500 ,258500 
2021-05-14,三機工業　株式会社　（北多摩/大原）,413443,混合廃棄物,8 ,m3,10000 ,88000 ,88000 
2021-05-14,三機工業　株式会社　（北多摩/大原）,413465,ゴムロール,130 ,kg,25 ,3575 ,3575 
2021-06-25,三機工業　株式会社　（新河岸/赤城）,418908,混合廃棄物,8 ,m3,10000 ,88000 ,88000 
2021-06-30,三機工業　株式会社　（新河岸/赤城）,420232,事務手数料,1 ,式,1500 ,1650 ,1650 
2021-06-30,三機工業　株式会社　（新河岸/赤城）,420232,一般廃棄物（6月分）,1 ,式,3200 ,3520 ,3520 
2021-04-27,三機工業　株式会社　（浅川/國分）,411521,廃プラスチック類,7 ,m3,10000 ,77000 ,77000 
2021-04-30,三機工業　株式会社　（浅川/國分）,411924,混合廃棄物　タイヤ（ホイル付）,1 ,本,3500 ,3850 ,3850 
2021-04-30,三機工業　株式会社　（浅川/國分）,411924,混合廃棄物,8 ,m3,10000 ,88000 ,88000 
2021-06-04,三機工業　株式会社　（浅川/國分）,416356,石綿含有産業廃棄物,1 ,m3,55000 ,60500 ,60500 
2021-06-08,三機工業　株式会社　（浅川/國分）,416801,廃油,1300 ,L,150 ,214500 ,214500 
2021-06-09,三機工業　株式会社　（浅川/國分）,416860,木くず（14456026806）,8 ,m3,6000 ,52800 ,52800 
2021-06-09,三機工業　株式会社　（浅川/國分）,416860,混合廃棄物（14456026817）,280 ,kg,65 ,20020 ,20020 
2021-06-09,三機工業　株式会社　（浅川/國分）,416890,ｶﾞﾗｽ・ｺﾝｸﾘｰﾄ・陶磁器くず,9 ,m3,15000 ,148500 ,148500 
2021-06-09,三機工業　株式会社　（浅川/國分）,416894,ｶﾞﾗｽ・ｺﾝｸﾘｰﾄ・陶磁器くず,12 ,m3,15000 ,198000 ,198000 
2021-06-11,三機工業　株式会社　（浅川/國分）,417165,混合廃棄物,8 ,m3,10000 ,88000 ,88000 
2021-06-18,三機工業　株式会社　（浅川/國分）,417999,混合廃棄物,8 ,m3,10000 ,88000 ,88000 
2021-06-21,三機工業　株式会社　（浅川/國分）,418674,耐火材,1360 ,kg,25 ,37400 ,37400 
2021-06-21,三機工業　株式会社　（浅川/國分）,418676,耐火材,1440 ,kg,25 ,39600 ,39600 
2021-06-21,三機工業　株式会社　（浅川/國分）,418680,コンクリ－トがら　無筋,1260 ,kg,3 ,4158 ,4158 
2021-06-28,三機工業　株式会社　（浅川/國分）,419223,混合廃棄物,8 ,m3,10000 ,88000 ,88000 
2021-06-28,三機工業　株式会社　（浅川/國分）,419251,混合廃棄物,6 ,m3,10000 ,66000 ,66000 
2021-04-27,三機工業　株式会社　（南プラ/橘）,411466,混合廃棄物,8 ,m3,10000 ,88000 ,88000 
2021-04-30,三機工業　株式会社　（南プラ/橘）,412260,メッシュパレットリース料（4/1～,2 ,台,3000 ,6600 ,6600 
2021-05-11,三機工業　株式会社　（南プラ/橘）,413053,特車申請費,1 ,台,50000 ,55000 ,55000 
2021-05-14,三機工業　株式会社　（南プラ/橘）,413445,混合廃棄物,8 ,m3,10000 ,88000 ,88000 
2021-05-14,三機工業　株式会社　（南プラ/橘）,413733,廃油（14430894788）,140 ,L,150 ,23100 ,23100 
2021-05-14,三機工業　株式会社　（南プラ/橘）,413733,蛍光灯（14430894799）,4 ,kg,300 ,1320 ,1320 
2021-05-17,三機工業　株式会社　（南プラ/橘）,414631,コンクリ－トがら　無筋,2860 ,kg,3 ,9438 ,9438 
2021-05-17,三機工業　株式会社　（南プラ/橘）,414635,コンクリ－トがら　無筋,2430 ,kg,3 ,8019 ,8019 
2021-05-18,三機工業　株式会社　（南プラ/橘）,413884,木くず,1 ,m3,6000 ,6600 ,6600 
2021-05-18,三機工業　株式会社　（南プラ/橘）,414641,コンクリ－トがら　無筋,2470 ,kg,3 ,8151 ,8151 
2021-05-18,三機工業　株式会社　（南プラ/橘）,414644,コンクリ－トがら　無筋,2450 ,kg,3 ,8085 ,8085 
2021-05-18,三機工業　株式会社　（南プラ/橘）,414859,コンクリ－トがら　無筋,2500 ,kg,3 ,8250 ,8250 
2021-05-19,三機工業　株式会社　（南プラ/橘）,414862,コンクリ－トがら　無筋,2560 ,kg,3 ,8448 ,8448 
2021-05-19,三機工業　株式会社　（南プラ/橘）,414866,コンクリ－トがら　無筋,2350 ,kg,3 ,7755 ,7755 
2021-05-19,三機工業　株式会社　（南プラ/橘）,414869,コンクリ－トがら　無筋,2470 ,kg,3 ,8151 ,8151 
2021-05-20,三機工業　株式会社　（南プラ/橘）,414648,コンクリ－トがら　無筋,2570 ,kg,3 ,8481 ,8481 
2021-05-20,三機工業　株式会社　（南プラ/橘）,414653,コンクリ－トがら　無筋,2330 ,kg,3 ,7689 ,7689 
2021-05-20,三機工業　株式会社　（南プラ/橘）,414656,コンクリ－トがら　無筋,2610 ,kg,3 ,8613 ,8613 
2021-05-21,三機工業　株式会社　（南プラ/橘）,414929,コンクリ－トがら　無筋,2440 ,kg,3 ,8052 ,8052 
2021-05-21,三機工業　株式会社　（南プラ/橘）,415747,コンクリ－トがら　無筋,2470 ,kg,3 ,8151 ,8151 
2021-05-21,三機工業　株式会社　（南プラ/橘）,415750,コンクリ－トがら　無筋,2580 ,kg,3 ,8514 ,8514 
2021-05-22,三機工業　株式会社　（南プラ/橘）,415754,コンクリ－トがら　無筋,2650 ,kg,3 ,8745 ,8745 
2021-05-22,三機工業　株式会社　（南プラ/橘）,415758,コンクリ－トがら　無筋,2700 ,kg,3 ,8910 ,8910 
2021-05-22,三機工業　株式会社　（南プラ/橘）,415767,コンクリ－トがら　無筋,2640 ,kg,3 ,8712 ,8712 
2021-05-24,三機工業　株式会社　（南プラ/橘）,414932,コンクリ－トがら　無筋,2400 ,kg,3 ,7920 ,7920 
2021-05-24,三機工業　株式会社　（南プラ/橘）,415774,コンクリ－トがら　無筋,2620 ,kg,3 ,8646 ,8646 
2021-05-24,三機工業　株式会社　（南プラ/橘）,415810,コンクリ－トがら　無筋,2490 ,kg,3 ,8217 ,8217 
2021-05-25,三機工業　株式会社　（南プラ/橘）,415814,コンクリ－トがら　無筋,2530 ,kg,3 ,8349 ,8349 
2021-05-25,三機工業　株式会社　（南プラ/橘）,415818,コンクリ－トがら　無筋,2460 ,kg,3 ,8118 ,8118 
2021-05-25,三機工業　株式会社　（南プラ/橘）,415823,コンクリ－トがら　無筋,2520 ,kg,3 ,8316 ,8316 
2021-05-25,三機工業　株式会社　（南プラ/橘）,415826,コンクリ－トがら　無筋,2500 ,kg,3 ,8250 ,8250 
2021-05-26,三機工業　株式会社　（南プラ/橘）,415829,コンクリ－トがら　無筋,2590 ,kg,3 ,8547 ,8547 
2021-05-26,三機工業　株式会社　（南プラ/橘）,415832,コンクリ－トがら　無筋,2540 ,kg,3 ,8382 ,8382 
2021-05-26,三機工業　株式会社　（南プラ/橘）,415835,コンクリ－トがら　無筋,2570 ,kg,3 ,8481 ,8481 
2021-05-26,三機工業　株式会社　（南プラ/橘）,415839,コンクリ－トがら　無筋,2600 ,kg,3 ,8580 ,8580 
2021-05-27,三機工業　株式会社　（南プラ/橘）,415844,コンクリ－トがら　無筋,2550 ,kg,3 ,8415 ,8415 
2021-05-27,三機工業　株式会社　（南プラ/橘）,415850,コンクリ－トがら　無筋,2430 ,kg,3 ,8019 ,8019 
2021-05-27,三機工業　株式会社　（南プラ/橘）,415865,コンクリ－トがら　無筋,2510 ,kg,3 ,8283 ,8283 
2021-05-29,三機工業　株式会社　（南プラ/橘）,415855,コンクリ－トがら　無筋,2620 ,kg,3 ,8646 ,8646 
2021-05-31,三機工業　株式会社　（南プラ/橘）,415858,コンクリ－トがら　無筋,2160 ,kg,3 ,7128 ,7128 
2021-05-31,三機工業　株式会社　（南プラ/橘）,416176,メッシュパレットリース料（5/1～,2 ,台,3000 ,6600 ,6600 
2021-06-01,三機工業　株式会社　（南プラ/橘）,416905,コンクリ－トがら　無筋,2590 ,kg,3 ,8547 ,8547 
2021-06-02,三機工業　株式会社　（南プラ/橘）,416912,コンクリ－トがら　無筋,2270 ,kg,3 ,7491 ,7491 
2021-06-03,三機工業　株式会社　（南プラ/橘）,417229,コンクリ－トがら　無筋,2660 ,kg,3 ,8778 ,8778 
2021-06-24,三機工業　株式会社　（南プラ/橘）,419002,コンクリ－トがら　無筋,2520 ,kg,3 ,8316 ,8316 
2021-06-30,三機工業　株式会社　（南プラ/橘）,419890,メッシュパレットリース料（6/1～,2 ,台,3000 ,6600 ,6600 
2021-05-27,三機工業　株式会社　（多摩川/橋本）,415201,燃え殻（特別管理産業廃棄物）,700 ,kg,250 ,192500 ,192500 
2021-05-28,三機工業　株式会社　（多摩川/橋本）,415292,混合廃棄物,8 ,m3,10000 ,88000 ,88000 
2021-05-28,三機工業　株式会社　（多摩川/橋本）,415570,廃油,15 ,L,150 ,2475 ,2475 
2021-04-30,三機工業　株式会社　（八戸市/佐藤）,411941,一般廃棄物,1 ,式,10000 ,11000 ,2200 
2021-05-31,三機工業　株式会社　（八戸市/佐藤）,415585,一般廃棄物,1 ,式,10000 ,11000 ,2200 
2021-06-30,三機工業　株式会社　（八戸市/佐藤）,420149,一般廃棄物,1 ,式,10000 ,11000 ,2200 
2021-06-30,三機工業　株式会社　（八戸市/佐藤）,420149,一般廃棄物（資源物）6/22分,1 ,式,1500 ,1650 ,0 
2021-04-15,三機工業　株式会社　（八王子/海鋒）,409844,選別,30 ,kg,70 ,2310 ,2310 
2021-04-15,三機工業　株式会社　（八王子/海鋒）,412561,フロン処理費,1 ,式,8000 ,8800 ,8800 
2021-04-15,三機工業　株式会社　（八王子/海鋒）,412561,フロン処理費,0 ,,0 ,0 ,0 
2021-04-15,三機工業　株式会社　（八王子/海鋒）,412561,フロン処理費,0 ,,0 ,0 ,0 
2021-04-15,三機工業　株式会社　（八王子/海鋒）,412561,フロン処理費,0 ,,0 ,0 ,0 
2021-06-30,三機工業　株式会社　（葛西/山本）,419801,事務手数料,1 ,式,1500 ,1650 ,1650 
2021-06-30,三機工業　株式会社　（葛西/山本）,419801,一般廃棄物,1 ,式,20000 ,22000 ,0 
2021-05-28,三機工業　株式会社　（清瀬/南中）,417452,コンテナ設置費,1 ,台,12000 ,13200 ,13200 
2021-06-08,三機工業　株式会社　（清瀬/南中）,417453,コンテナ設置費,1 ,台,12000 ,13200 ,13200 
2021-06-28,三機工業　株式会社　（清瀬/南中）,419319,運搬費（3ｔｃ）,1 ,台,23000 ,25300 ,25300 
2021-04-02,三機工業　株式会社　（北多摩/大原）,408072,運搬費（4ｔｃ）,1 ,台,25000 ,27500 ,27500 
2021-04-14,三機工業　株式会社　（北多摩/大原）,412446,運搬費（3ｔバキューム）,1 ,台,100000 ,110000 ,110000 
2021-04-19,三機工業　株式会社　（北多摩/大原）,410628,運搬費（舵切トレーラー）,1 ,台,250000 ,275000 ,275000 
2021-04-19,三機工業　株式会社　（北多摩/大原）,410628,運搬費（先導車・後方車）,1 ,台,55000 ,60500 ,60500 
2021-04-19,三機工業　株式会社　（北多摩/大原）,410628,運搬費（60ｔクレーン）,1 ,台,150000 ,165000 ,165000 
2021-04-20,三機工業　株式会社　（北多摩/大原）,410640,運搬費（舵切トレーラー）,1 ,台,250000 ,275000 ,275000 
2021-04-20,三機工業　株式会社　（北多摩/大原）,410640,運搬費（先導車・後方車）,1 ,台,55000 ,60500 ,60500 
2021-04-20,三機工業　株式会社　（北多摩/大原）,410640,運搬費（25ｔクレーン）,1 ,台,90000 ,99000 ,99000 
2021-04-22,三機工業　株式会社　（北多摩/大原）,411604,運搬費（トレーラー）夜間出し,1 ,台,280000 ,308000 ,308000 
2021-04-22,三機工業　株式会社　（北多摩/大原）,411604,運搬費（先導車・後方車）,2 ,台,55000 ,121000 ,121000 
2021-04-22,三機工業　株式会社　（北多摩/大原）,411604,運搬費（70ｔクレーン）,1 ,台,180000 ,198000 ,198000 
2021-05-07,三機工業　株式会社　（北多摩/大原）,413008,運搬費（10ｔｄ）,1 ,台,43000 ,47300 ,47300 
2021-05-07,三機工業　株式会社　（北多摩/大原）,413011,運搬費（10ｔｄ）,1 ,台,43000 ,47300 ,47300 
2021-05-07,三機工業　株式会社　（北多摩/大原）,413013,運搬費（10ｔｄ）,1 ,台,43000 ,47300 ,47300 
2021-05-14,三機工業　株式会社　（北多摩/大原）,413443,運搬費,1 ,台,25000 ,27500 ,27500 
2021-05-14,三機工業　株式会社　（北多摩/大原）,413465,運搬費,1 ,台,25000 ,27500 ,27500 
2021-06-02,三機工業　株式会社　（北多摩/大原）,416903,コンテナ設置費,1 ,台,12000 ,13200 ,13200 
2021-06-08,三機工業　株式会社　（清瀬/前田）,417455,コンテナ設置費,1 ,台,12000 ,13200 ,13200 
2021-06-25,三機工業　株式会社　（新河岸/赤城）,418908,運搬費（4ｔｃ）,1 ,台,21000 ,23100 ,23100 
2021-04-27,三機工業　株式会社　（浅川/國分）,411521,運搬費（4ｔｃ）,1 ,台,27000 ,29700 ,29700 
2021-04-30,三機工業　株式会社　（浅川/國分）,411924,運搬費（4ｔｃ）,1 ,台,27000 ,29700 ,29700 
2021-06-04,三機工業　株式会社　（浅川/國分）,416356,運搬費（4ｔﾕﾆｯｸ）,1 ,台,38000 ,41800 ,41800 
2021-06-08,三機工業　株式会社　（浅川/國分）,416801,運搬費（4ｔﾕﾆｯｸ）,1 ,台,38000 ,41800 ,41800 
2021-06-09,三機工業　株式会社　（浅川/國分）,416860,運搬費（4ｔｃ）,1 ,台,27000 ,29700 ,29700 
2021-06-09,三機工業　株式会社　（浅川/國分）,416890,運搬費（4ｔｃ）,1 ,台,27000 ,29700 ,29700 
2021-06-09,三機工業　株式会社　（浅川/國分）,416894,運搬費（4ｔﾕﾆｯｸ）,1 ,台,38000 ,41800 ,41800 
2021-06-11,三機工業　株式会社　（浅川/國分）,417165,運搬費（4ｔｃ）,1 ,台,27000 ,29700 ,29700 
2021-06-18,三機工業　株式会社　（浅川/國分）,417999,運搬費（4ｔｃ）,1 ,台,27000 ,29700 ,29700 
2021-06-21,三機工業　株式会社　（浅川/國分）,418674,運搬費（4ｔｃ）,1 ,台,27000 ,29700 ,29700 
2021-06-21,三機工業　株式会社　（浅川/國分）,418676,運搬費（4ｔｃ）,1 ,台,27000 ,29700 ,29700 
2021-06-21,三機工業　株式会社　（浅川/國分）,418680,運搬費（4ｔｃ）,1 ,台,27000 ,29700 ,29700 
2021-06-24,三機工業　株式会社　（浅川/國分）,418806,運搬費,1 ,台,27000 ,29700 ,29700 
2021-06-24,三機工業　株式会社　（浅川/國分）,418876,運搬費,1 ,台,27000 ,29700 ,29700 
2021-06-28,三機工業　株式会社　（浅川/國分）,419223,運搬費,1 ,台,27000 ,29700 ,29700 
2021-06-28,三機工業　株式会社　（浅川/國分）,419251,運搬費,1 ,台,27000 ,29700 ,29700 
2021-04-27,三機工業　株式会社　（南プラ/橘）,411466,運搬費（4ｔｃ）,1 ,台,21000 ,23100 ,23100 
2021-04-28,三機工業　株式会社　（南プラ/橘）,411803,運搬費（スクラップ）,2 ,台,25000 ,55000 ,55000 
2021-04-30,三機工業　株式会社　（南プラ/橘）,412062,運搬費（スクラップ）,1 ,台,25000 ,27500 ,27500 
2021-05-06,三機工業　株式会社　（南プラ/橘）,413018,運搬費（スクラップ）,2 ,台,25000 ,55000 ,55000 
2021-05-10,三機工業　株式会社　（南プラ/橘）,413029,運搬費（スクラップ）,2 ,台,25000 ,55000 ,55000 
2021-05-11,三機工業　株式会社　（南プラ/橘）,413053,運搬費（トレーラー）,1 ,台,150000 ,165000 ,165000 
2021-05-11,三機工業　株式会社　（南プラ/橘）,413053,運搬費（クレーン）,1 ,台,120000 ,132000 ,132000 
2021-05-13,三機工業　株式会社　（南プラ/橘）,413741,運搬費（トレーラー）,1 ,台,150000 ,165000 ,165000 
2021-05-13,三機工業　株式会社　（南プラ/橘）,413741,運搬費（クレーン）,1 ,台,120000 ,132000 ,132000 
2021-05-14,三機工業　株式会社　（南プラ/橘）,413445,運搬費（4ｔｃ）,1 ,台,21000 ,23100 ,23100 
2021-05-14,三機工業　株式会社　（南プラ/橘）,413733,運搬費（4ｔﾕﾆｯｸ）二ヵ所下ろし,1 ,台,38000 ,41800 ,41800 
2021-05-17,三機工業　株式会社　（南プラ/橘）,414631,運搬費（4ｔｃ）,1 ,台,21000 ,23100 ,23100 
2021-05-17,三機工業　株式会社　（南プラ/橘）,414635,運搬費（4ｔｃ）,1 ,台,21000 ,23100 ,23100 
2021-05-18,三機工業　株式会社　（南プラ/橘）,413884,運搬費（4ｔﾕﾆｯｸ）,1 ,台,28000 ,30800 ,30800 
2021-05-18,三機工業　株式会社　（南プラ/橘）,414641,運搬費（4ｔｃ）,1 ,台,21000 ,23100 ,23100 
2021-05-18,三機工業　株式会社　（南プラ/橘）,414644,運搬費（4ｔｃ）,1 ,台,21000 ,23100 ,23100 
2021-05-18,三機工業　株式会社　（南プラ/橘）,414859,運搬費（4ｔｃ）,1 ,台,21000 ,23100 ,23100 
2021-05-19,三機工業　株式会社　（南プラ/橘）,414862,運搬費（4ｔｃ）,1 ,台,21000 ,23100 ,23100 
2021-05-19,三機工業　株式会社　（南プラ/橘）,414866,運搬費（4ｔｃ）,1 ,台,21000 ,23100 ,23100 
2021-05-19,三機工業　株式会社　（南プラ/橘）,414869,運搬費（4ｔｃ）,1 ,台,21000 ,23100 ,23100 
2021-05-20,三機工業　株式会社　（南プラ/橘）,414648,運搬費（4ｔｃ）,1 ,台,21000 ,23100 ,23100 
2021-05-20,三機工業　株式会社　（南プラ/橘）,414653,運搬費（4ｔｃ）,1 ,台,21000 ,23100 ,23100 
2021-05-20,三機工業　株式会社　（南プラ/橘）,414656,運搬費（4ｔｃ）,1 ,台,21000 ,23100 ,23100 
2021-05-21,三機工業　株式会社　（南プラ/橘）,414929,運搬費（4ｔｃ）,1 ,台,21000 ,23100 ,23100 
2021-05-21,三機工業　株式会社　（南プラ/橘）,415747,運搬費（4ｔｃ）,1 ,台,21000 ,23100 ,23100 
2021-05-21,三機工業　株式会社　（南プラ/橘）,415750,運搬費（4ｔｃ）,1 ,台,21000 ,23100 ,23100 
2021-05-22,三機工業　株式会社　（南プラ/橘）,415754,運搬費（4ｔｃ）,1 ,台,21000 ,23100 ,23100 
2021-05-22,三機工業　株式会社　（南プラ/橘）,415758,運搬費（4ｔｃ）,1 ,台,21000 ,23100 ,23100 
2021-05-22,三機工業　株式会社　（南プラ/橘）,415767,運搬費（4ｔｃ）,1 ,台,21000 ,23100 ,23100 
2021-05-24,三機工業　株式会社　（南プラ/橘）,414932,運搬費（4ｔｃ）,1 ,台,21000 ,23100 ,23100 
2021-05-24,三機工業　株式会社　（南プラ/橘）,415774,運搬費（4ｔｃ）,1 ,台,21000 ,23100 ,23100 
2021-05-24,三機工業　株式会社　（南プラ/橘）,415810,運搬費（4ｔｃ）,1 ,台,21000 ,23100 ,23100 
2021-05-25,三機工業　株式会社　（南プラ/橘）,415814,運搬費（4ｔｃ）,1 ,台,21000 ,23100 ,23100 
2021-05-25,三機工業　株式会社　（南プラ/橘）,415818,運搬費（4ｔｃ）,1 ,台,21000 ,23100 ,23100 
2021-05-25,三機工業　株式会社　（南プラ/橘）,415823,運搬費（4ｔｃ）,1 ,台,21000 ,23100 ,23100 
2021-05-25,三機工業　株式会社　（南プラ/橘）,415826,運搬費（4ｔｃ）,1 ,台,21000 ,23100 ,23100 
2021-05-26,三機工業　株式会社　（南プラ/橘）,415829,運搬費（4ｔｃ）,1 ,台,21000 ,23100 ,23100 
2021-05-26,三機工業　株式会社　（南プラ/橘）,415832,運搬費（4ｔｃ）,1 ,台,21000 ,23100 ,23100 
2021-05-26,三機工業　株式会社　（南プラ/橘）,415835,運搬費（4ｔｃ）,1 ,台,21000 ,23100 ,23100 
2021-05-26,三機工業　株式会社　（南プラ/橘）,415839,運搬費（4ｔｃ）,1 ,台,21000 ,23100 ,23100 
2021-05-27,三機工業　株式会社　（南プラ/橘）,415844,運搬費（4ｔｃ）,1 ,台,21000 ,23100 ,23100 
2021-05-27,三機工業　株式会社　（南プラ/橘）,415850,運搬費（4ｔｃ）,1 ,台,21000 ,23100 ,23100 
2021-05-27,三機工業　株式会社　（南プラ/橘）,415865,運搬費（4ｔｃ）,1 ,台,21000 ,23100 ,23100 
2021-05-29,三機工業　株式会社　（南プラ/橘）,415855,運搬費（4ｔｃ）,1 ,台,21000 ,23100 ,23100 
2021-05-31,三機工業　株式会社　（南プラ/橘）,415858,運搬費（4ｔｃ）,1 ,台,21000 ,23100 ,23100 
2021-06-01,三機工業　株式会社　（南プラ/橘）,416905,運搬費（4ｔｃ）,1 ,台,21000 ,23100 ,23100 
2021-06-02,三機工業　株式会社　（南プラ/橘）,416912,運搬費（4ｔｃ）,1 ,台,21000 ,23100 ,23100 
2021-06-03,三機工業　株式会社　（南プラ/橘）,416335,運搬費（スクラップ）,1 ,台,25000 ,27500 ,27500 
2021-06-03,三機工業　株式会社　（南プラ/橘）,417229,運搬費（4ｔｃ）,1 ,台,21000 ,23100 ,23100 
2021-06-19,三機工業　株式会社　（南プラ/橘）,418353,運搬費（スクラップ）,1 ,台,25000 ,27500 ,27500 
2021-06-22,三機工業　株式会社　（南プラ/橘）,418527,運搬費（スクラップ）,1 ,台,25000 ,27500 ,27500 
2021-06-24,三機工業　株式会社　（南プラ/橘）,419002,運搬費（4ｔｃ）,1 ,台,21000 ,23100 ,23100 
2021-05-27,三機工業　株式会社　（多摩川/橋本）,415201,運搬費（4ｔﾕﾆｯｸ）,1 ,台,38000 ,41800 ,41800 
2021-05-28,三機工業　株式会社　（多摩川/橋本）,415292,運搬費（4ｔｃ）二ヵ所下ろし,1 ,台,30000 ,33000 ,33000 
2021-05-28,三機工業　株式会社　（多摩川/橋本）,415617,運搬費（スクラップ）,1 ,台,25000 ,27500 ,27500 
2021-04-15,三機工業　株式会社　（多摩川/橋本）,409844,運搬費,1 ,台,25000 ,27500 ,27500 
2021-06-24,三機工業　株式会社　（金沢/花岡）,418997,コンテナ設置費,1 ,台,12000 ,13200 ,13200 
2021-08-02,三機工業　株式会社　（清瀬/南中）,423722,混合廃棄物,4 ,m3,10000 ,44000 ,44000 
2021-08-17,三機工業　株式会社　（清瀬/南中）,425437,混合廃棄物,4 ,m3,10000 ,44000 ,44000 
2021-08-19,三機工業　株式会社　（清瀬/南中）,425761,キャスタブル解体費,1 ,式,20000 ,22000 ,22000 
2021-08-19,三機工業　株式会社　（清瀬/南中）,425778,廃油,1200 ,L,150 ,198000 ,198000 
2021-09-02,三機工業　株式会社　（清瀬/南中）,428470,耐火材,300 ,kg,25 ,8250 ,8250 
2021-09-02,三機工業　株式会社　（清瀬/南中）,428473,燃え殻,1070 ,kg,37 ,43549 ,43549 
2021-09-17,三機工業　株式会社　（清瀬/南中）,429667,混合廃棄物,4 ,m3,10000 ,44000 ,44000 
2021-07-07,三機工業　株式会社　（北多摩/大原）,421407,コンクリ－トがら（二次製品）2ｔ扱い,1 ,台,15000 ,16500 ,16500 
2021-08-02,三機工業　株式会社　（北多摩/大原）,425158,耐火材,190 ,kg,25 ,5225 ,5225 
2021-08-05,三機工業　株式会社　（北多摩/大原）,424285,混合廃棄物,7 ,m3,10000 ,77000 ,77000 
2021-09-30,三機工業　株式会社　（清瀬/前田）,431562,コンクリ－トがら　無筋,2 ,m3,6000 ,13200 ,13200 
2021-09-30,三機工業　株式会社　（清瀬/前田）,431610,コンクリ－トがら　無筋,2 ,m3,6000 ,13200 ,13200 
2021-07-07,三機工業　株式会社　（新河岸/赤城）,420551,フレコン,40 ,枚,800 ,35200 ,35200 
2021-07-27,三機工業　株式会社　（新河岸/赤城）,422957,フレコン,40 ,枚,800 ,35200 ,35200 
2021-07-30,三機工業　株式会社　（新河岸/赤城）,423428,混合廃棄物,4 ,m3,10000 ,44000 ,44000 
2021-07-31,三機工業　株式会社　（新河岸/赤城）,424145,事務手数料,1 ,式,1500 ,1650 ,1650 
2021-07-31,三機工業　株式会社　（新河岸/赤城）,424145,一般廃棄物（7月分）,1 ,式,5400 ,5940 ,5940 
2021-08-10,三機工業　株式会社　（新河岸/赤城）,424837,混合廃棄物,9 ,m3,10000 ,99000 ,99000 
2021-08-20,三機工業　株式会社　（新河岸/赤城）,425883,混合廃棄物,9 ,m3,10000 ,99000 ,99000 
2021-08-31,三機工業　株式会社　（新河岸/赤城）,427332,混合廃棄物,8 ,m3,10000 ,88000 ,88000 
2021-08-31,三機工業　株式会社　（新河岸/赤城）,427878,事務手数料,1 ,式,1500 ,1650 ,1650 
2021-08-31,三機工業　株式会社　（新河岸/赤城）,427878,一般廃棄物（8月分）,1 ,式,5600 ,6160 ,6160 
2021-09-06,三機工業　株式会社　（新河岸/赤城）,428167,セラミックフィルター,18 ,m3,15000 ,297000 ,297000 
2021-09-06,三機工業　株式会社　（新河岸/赤城）,428179,セラミックフィルター,13 ,m3,15000 ,214500 ,214500 
2021-09-10,三機工業　株式会社　（新河岸/赤城）,428777,ダンボ－ル,9 ,m3,2000 ,19800 ,19800 
2021-09-10,三機工業　株式会社　（新河岸/赤城）,428779,混合廃棄物,8 ,m3,10000 ,88000 ,88000 
2021-09-10,三機工業　株式会社　（新河岸/赤城）,428782,セラミックフィルター,6 ,m3,15000 ,99000 ,99000 
2021-09-21,三機工業　株式会社　（新河岸/赤城）,430053,混合廃棄物,8 ,m3,10000 ,88000 ,88000 
2021-09-28,三機工業　株式会社　（新河岸/赤城）,431054,混合廃棄物,8 ,m3,10000 ,88000 ,88000 
2021-09-30,三機工業　株式会社　（新河岸/赤城）,432079,事務手数料,1 ,式,1500 ,1650 ,1650 
2021-09-30,三機工業　株式会社　（新河岸/赤城）,432079,一般廃棄物（9月分）,1 ,式,5000 ,5500 ,5500 
2021-08-30,三機工業　株式会社　（北多摩サイクロン/大原）,427155,混合廃棄物,4 ,m3,10000 ,44000 ,44000 
2021-07-21,三機工業　株式会社　（南プラ/橘）,422269,混合廃棄物,7 ,m3,10000 ,77000 ,77000 
2021-07-31,三機工業　株式会社　（南プラ/橘）,423707,メッシュパレットリース料（7/1～,2 ,台,3000 ,6600 ,6600 
2021-08-31,三機工業　株式会社　（南プラ/橘）,428116,メッシュパレットリース料（8/1～,2 ,台,3000 ,6600 ,6600 
2021-09-13,三機工業　株式会社　（南プラ/橘）,429041,混合廃棄物,8 ,m3,10000 ,88000 ,88000 
2021-09-14,三機工業　株式会社　（南プラ/橘）,429628,コンテナ用シート,2 ,枚,5000 ,11000 ,11000 
2021-09-29,三機工業　株式会社　（南プラ/橘）,431125,混合廃棄物,8 ,m3,10000 ,88000 ,88000 
2021-09-30,三機工業　株式会社　（南プラ/橘）,431877,メッシュパレットリース料（9/1～,2 ,台,3000 ,6600 ,6600 
2021-07-29,三機工業　株式会社　（八戸市/佐藤）,423696,コンクリ－トがら　無筋,3360 ,kg,3 ,11088 ,1848 
2021-07-31,三機工業　株式会社　（八戸市/佐藤）,423693,一般廃棄物,1 ,式,10000 ,11000 ,2200 
2021-08-20,三機工業　株式会社　（八戸市/佐藤）,427886,廃プラスチック類（14523563010）,110 ,kg,55 ,6655 ,6655 
2021-08-20,三機工業　株式会社　（八戸市/佐藤）,427886,木くず（14523563021）,590 ,kg,35 ,22715 ,16665 
2021-08-20,三機工業　株式会社　（八戸市/佐藤）,427886,混合廃棄物（14523563032）,340 ,kg,65 ,24310 ,1870 
2021-08-20,三機工業　株式会社　（八戸市/佐藤）,427886,産廃税（混合廃棄物）,340 ,kg,1 ,340 ,(19130)
2021-08-20,三機工業　株式会社　（八戸市/佐藤）,427886,産廃税（木くず）,590 ,kg,0 ,59 ,(367)
2021-08-20,三機工業　株式会社　（八戸市/佐藤）,427886,産廃税（廃プラスチック類）,110 ,kg,0 ,27 ,27 
2021-08-31,三機工業　株式会社　（八戸市/佐藤）,427883,一般廃棄物,1 ,式,10000 ,11000 ,2200 
2021-09-30,三機工業　株式会社　（八戸市/佐藤）,431894,一般廃棄物,1 ,式,10000 ,11000 ,2200 
2021-09-30,三機工業　株式会社　（八戸市/佐藤）,431894,一般廃棄物（資源物）9/24分,1 ,式,1500 ,1650 ,0 
2021-07-02,三機工業　株式会社　（金沢/花岡）,420273,ｶﾞﾗｽ・ｺﾝｸﾘｰﾄ・陶磁器くず,2280 ,kg,25 ,62700 ,62700 
2021-07-02,三機工業　株式会社　（金沢/花岡）,420275,ｶﾞﾗｽ・ｺﾝｸﾘｰﾄ・陶磁器くず,2890 ,kg,25 ,79475 ,79475 
2021-07-05,三機工業　株式会社　（金沢/花岡）,420545,コンクリ－トがら　無筋,2100 ,kg,4 ,8085 ,8085 
2021-07-05,三機工業　株式会社　（金沢/花岡）,420547,コンクリ－トがら　無筋,1700 ,kg,4 ,6545 ,6545 
2021-07-12,三機工業　株式会社　（金沢/花岡）,421400,ｶﾞﾗｽ・ｺﾝｸﾘｰﾄ・陶磁器くず,2450 ,kg,25 ,67375 ,67375 
2021-07-12,三機工業　株式会社　（金沢/花岡）,421402,ｶﾞﾗｽ・ｺﾝｸﾘｰﾄ・陶磁器くず,2480 ,kg,25 ,68200 ,68200 
2021-07-14,三機工業　株式会社　（金沢/花岡）,421405,コンクリ－トがら　無筋,2500 ,kg,4 ,9625 ,9625 
2021-07-20,三機工業　株式会社　（金沢/花岡）,422152,廃プラスチック類,9 ,m3,10000 ,99000 ,99000 
2021-08-04,三機工業　株式会社　（金沢/花岡）,424166,廃プラスチック類,8 ,m3,10000 ,88000 ,88000 
2021-08-10,三機工業　株式会社　（金沢/花岡）,425274,コンクリ－トがら　無筋,2600 ,kg,4 ,10010 ,10010 
2021-08-10,三機工業　株式会社　（金沢/花岡）,425276,コンクリ－トがら　無筋,2100 ,kg,4 ,8085 ,8085 
2021-08-10,三機工業　株式会社　（金沢/花岡）,425278,コンクリ－トがら　無筋,2700 ,kg,4 ,10395 ,10395 
2021-08-27,三機工業　株式会社　（金沢/花岡）,426829,混合廃棄物,8 ,m3,10000 ,88000 ,88000 
2021-08-27,三機工業　株式会社　（金沢/花岡）,427352,コンクリ－トがら　無筋,2600 ,kg,4 ,10010 ,10010 
2021-08-27,三機工業　株式会社　（金沢/花岡）,427355,コンクリ－トがら　無筋,2500 ,kg,4 ,9625 ,9625 
2021-08-27,三機工業　株式会社　（金沢/花岡）,427357,コンクリ－トがら　無筋,2400 ,kg,4 ,9240 ,9240 
2021-09-24,三機工業　株式会社　（金沢/花岡）,431338,コンクリ－トがら　無筋,2500 ,kg,4 ,9625 ,9625 
2021-09-24,三機工業　株式会社　（金沢/花岡）,431342,コンクリ－トがら　無筋,2300 ,kg,4 ,8855 ,8855 
2021-09-24,三機工業　株式会社　（金沢/花岡）,431344,コンクリ－トがら　無筋,2300 ,kg,4 ,8855 ,8855 
2021-09-24,三機工業　株式会社　（金沢/花岡）,431346,コンクリ－トがら　無筋,2300 ,kg,4 ,8855 ,8855 
2021-07-01,三機工業　株式会社　（葛西/山本）,419779,フレコン,4 ,枚,800 ,3520 ,3520 
2021-07-31,三機工業　株式会社　（葛西/山本）,423719,メッシュパレットリース料（7/2～,4 ,台,3000 ,13200 ,13200 
2021-07-31,三機工業　株式会社　（葛西/山本）,423918,事務手数料,1 ,式,1500 ,1650 ,1650 
2021-07-31,三機工業　株式会社　（葛西/山本）,423918,一般廃棄物,1 ,式,20000 ,22000 ,0 
2021-08-11,三機工業　株式会社　（葛西/山本）,426391,フレコン,10 ,枚,800 ,8800 ,8800 
2021-08-23,三機工業　株式会社　（葛西/山本）,427324,がれき類,3160 ,kg,15 ,52140 ,52140 
2021-08-23,三機工業　株式会社　（葛西/山本）,427329,がれき類,2610 ,kg,15 ,43065 ,43065 
2021-08-23,三機工業　株式会社　（葛西/山本）,427335,がれき類,3080 ,kg,15 ,50820 ,50820 
2021-08-23,三機工業　株式会社　（葛西/山本）,427340,がれき類,3390 ,kg,15 ,55935 ,55935 
2021-08-23,三機工業　株式会社　（葛西/山本）,427343,がれき類,2610 ,kg,15 ,43065 ,43065 
2021-08-23,三機工業　株式会社　（葛西/山本）,427347,がれき類,3390 ,kg,15 ,55935 ,55935 
2021-08-31,三機工業　株式会社　（葛西/山本）,427469,事務手数料,1 ,式,1500 ,1650 ,1650 
2021-08-31,三機工業　株式会社　（葛西/山本）,427469,一般廃棄物,1 ,式,20000 ,22000 ,0 
2021-08-31,三機工業　株式会社　（葛西/山本）,428110,メッシュパレットリース料（8/1～,4 ,台,3000 ,13200 ,13200 
2021-09-24,三機工業　株式会社　（葛西/山本）,431165,がれき類,3700 ,kg,15 ,61050 ,61050 
2021-09-24,三機工業　株式会社　（葛西/山本）,431167,がれき類,3860 ,kg,15 ,63690 ,63690 
2021-09-24,三機工業　株式会社　（葛西/山本）,431170,がれき類,3300 ,kg,15 ,54450 ,54450 
2021-09-24,三機工業　株式会社　（葛西/山本）,431174,がれき類,3370 ,kg,15 ,55605 ,55605 
2021-09-24,三機工業　株式会社　（葛西/山本）,431176,がれき類,3510 ,kg,15 ,57915 ,57915 
2021-09-24,三機工業　株式会社　（葛西/山本）,431178,がれき類,3280 ,kg,15 ,54120 ,54120 
2021-09-30,三機工業　株式会社　（葛西/山本）,431558,事務手数料,1 ,式,1500 ,1650 ,1650 
2021-09-30,三機工業　株式会社　（葛西/山本）,431558,一般廃棄物（9/1～9/30）,1 ,式,28920 ,31812 ,0 
2021-09-30,三機工業　株式会社　（葛西/山本）,431881,メッシュパレットリース料（9/1～,4 ,台,3000 ,13200 ,13200 
2021-07-27,三機工業　株式会社　（岐阜/橋本）,423927,混合廃棄物,2 ,m3,15000 ,33000 ,33000 
2021-08-19,三機工業　株式会社　（大阪/長谷川）,428284,酢酸,3 ,缶,18000 ,59400 ,59400 
2021-08-27,三機工業　株式会社　（松留/柏原）,426791,混合廃棄物,10 ,kg,65 ,715 ,715 
2021-07-01,三機工業　株式会社　（清瀬/南中）,420542,運搬費,1 ,台,25000 ,27500 ,27500 
2021-08-02,三機工業　株式会社　（清瀬/南中）,423722,運搬費（3ｔｃ）,1 ,台,23000 ,25300 ,25300 
2021-08-05,三機工業　株式会社　（清瀬/南中）,424338,運搬費（4ｔﾕﾆｯｸ）,1 ,台,35000 ,38500 ,38500 
2021-08-17,三機工業　株式会社　（清瀬/南中）,425437,運搬費（3ｔｃ）,1 ,台,23000 ,25300 ,25300 
2021-08-19,三機工業　株式会社　（清瀬/南中）,425763,運搬費（4ｔﾕﾆｯｸ）,1 ,台,35000 ,38500 ,38500 
2021-08-19,三機工業　株式会社　（清瀬/南中）,425778,運搬費（4ｔﾕﾆｯｸ）,1 ,台,35000 ,38500 ,38500 
2021-08-20,三機工業　株式会社　（清瀬/南中）,426232,運搬費,1 ,台,25000 ,27500 ,27500 
2021-08-25,三機工業　株式会社　（清瀬/南中）,426473,運搬費（スクラップ）,1 ,台,25000 ,27500 ,27500 
2021-09-02,三機工業　株式会社　（清瀬/南中）,428470,運搬費,1 ,台,25000 ,27500 ,27500 
2021-09-02,三機工業　株式会社　（清瀬/南中）,428473,運搬費（4ｔﾕﾆｯｸ）,1 ,台,35000 ,38500 ,38500 
2021-09-17,三機工業　株式会社　（清瀬/南中）,429667,運搬費（3ｔｃ）,1 ,台,23000 ,25300 ,25300 
2021-09-28,三機工業　株式会社　（清瀬/南中）,431257,運搬費（4ｔｃ）,1 ,台,25000 ,27500 ,27500 
2021-07-07,三機工業　株式会社　（北多摩/大原）,421407,運搬費,1 ,台,25000 ,27500 ,27500 
2021-08-02,三機工業　株式会社　（北多摩/大原）,424359,運搬費（4ｔｃ）,1 ,台,25000 ,27500 ,27500 
2021-08-02,三機工業　株式会社　（北多摩/大原）,425158,運搬費,1 ,台,25000 ,27500 ,27500 
2021-08-05,三機工業　株式会社　（北多摩/大原）,424285,運搬費,1 ,台,25000 ,27500 ,27500 
2021-09-30,三機工業　株式会社　（清瀬/前田）,431562,運搬費（4ｔｃ）,1 ,台,25000 ,27500 ,27500 
2021-09-30,三機工業　株式会社　（清瀬/前田）,431610,運搬費（4ｔｃ）,1 ,台,25000 ,27500 ,27500 
2021-07-26,三機工業　株式会社　（新河岸/赤城）,423295,コンテナ設置費,1 ,台,12000 ,13200 ,13200 
2021-07-30,三機工業　株式会社　（新河岸/赤城）,423428,運搬費（4ｔｃ）,1 ,台,21000 ,23100 ,23100 
2021-08-10,三機工業　株式会社　（新河岸/赤城）,424837,運搬費（4ｔｃ）,1 ,台,21000 ,23100 ,23100 
2021-08-20,三機工業　株式会社　（新河岸/赤城）,425883,運搬費（4ｔｃ）,1 ,台,21000 ,23100 ,23100 
2021-08-31,三機工業　株式会社　（新河岸/赤城）,427332,運搬費（4ｔｃ）,1 ,台,21000 ,23100 ,23100 
2021-09-06,三機工業　株式会社　（新河岸/赤城）,428167,運搬費（4ｔｃ）,1 ,台,21000 ,23100 ,23100 
2021-09-06,三機工業　株式会社　（新河岸/赤城）,428179,運搬費（4ｔﾕﾆｯｸ）,1 ,台,28000 ,30800 ,30800 
2021-09-09,三機工業　株式会社　（新河岸/赤城）,430088,運搬費（スクラップ）,1 ,台,25000 ,27500 ,27500 
2021-09-10,三機工業　株式会社　（新河岸/赤城）,428777,運搬費（4ｔｃ）,1 ,台,21000 ,23100 ,23100 
2021-09-10,三機工業　株式会社　（新河岸/赤城）,428779,運搬費（4ｔｃ）,1 ,台,21000 ,23100 ,23100 
2021-09-10,三機工業　株式会社　（新河岸/赤城）,428782,運搬費（4ｔｃ）,1 ,台,21000 ,23100 ,23100 
2021-09-21,三機工業　株式会社　（新河岸/赤城）,430053,運搬費（4ｔｃ）,1 ,台,21000 ,23100 ,23100 
2021-09-28,三機工業　株式会社　（新河岸/赤城）,431054,運搬費（4ｔｃ）,1 ,台,21000 ,23100 ,23100 
2021-08-19,三機工業　株式会社　（北多摩サイクロン/大原）,425880,コンテナ設置費,1 ,台,12000 ,13200 ,13200 
2021-08-30,三機工業　株式会社　（北多摩サイクロン/大原）,427155,運搬費（4ｔｃ）,1 ,台,25000 ,27500 ,27500 
2021-07-21,三機工業　株式会社　（南プラ/橘）,422269,運搬費（4ｔｃ）,1 ,台,21000 ,23100 ,23100 
2021-09-13,三機工業　株式会社　（南プラ/橘）,429041,運搬費（4ｔｃ）,1 ,台,21000 ,23100 ,23100 
2021-09-14,三機工業　株式会社　（南プラ/橘）,429628,コンテナ設置費,1 ,台,12000 ,13200 ,13200 
2021-09-16,三機工業　株式会社　（南プラ/橘）,430113,運搬費（スクラップ）,1 ,台,25000 ,27500 ,27500 
2021-09-18,三機工業　株式会社　（南プラ/橘）,430115,運搬費（スクラップ）,1 ,台,25000 ,27500 ,27500 
2021-09-20,三機工業　株式会社　（南プラ/橘）,430119,運搬費（スクラップ）三回転,1 ,台,60000 ,66000 ,66000 
2021-09-21,三機工業　株式会社　（南プラ/橘）,430855,運搬費（トレーラー）,1 ,台,150000 ,165000 ,165000 
2021-09-21,三機工業　株式会社　（南プラ/橘）,430855,運搬費（クレーン）,1 ,台,120000 ,132000 ,132000 
2021-09-22,三機工業　株式会社　（南プラ/橘）,430857,運搬費（トレーラー）,1 ,台,150000 ,165000 ,165000 
2021-09-22,三機工業　株式会社　（南プラ/橘）,430857,運搬費（クレーン）,1 ,台,120000 ,132000 ,132000 
2021-09-23,三機工業　株式会社　（南プラ/橘）,430523,運搬費（スクラップ）,2 ,台,25000 ,55000 ,55000 
2021-09-29,三機工業　株式会社　（南プラ/橘）,431125,運搬費（4ｔｃ）,1 ,台,21000 ,23100 ,23100 
2021-07-29,三機工業　株式会社　（八戸市/佐藤）,423696,運搬費（4ｔﾕﾆｯｸ）,1 ,台,19000 ,20900 ,5500 
2021-08-20,三機工業　株式会社　（八戸市/佐藤）,427886,運搬費（4ｔﾕﾆｯｸ）,1 ,台,19000 ,20900 ,5500 
2021-07-02,三機工業　株式会社　（金沢/花岡）,420273,運搬費,1 ,台,25000 ,27500 ,27500 
2021-07-02,三機工業　株式会社　（金沢/花岡）,420275,運搬費,1 ,台,25000 ,27500 ,27500 
2021-07-05,三機工業　株式会社　（金沢/花岡）,420545,運搬費,1 ,台,25000 ,27500 ,27500 
2021-07-05,三機工業　株式会社　（金沢/花岡）,420547,運搬費,1 ,台,25000 ,27500 ,27500 
2021-07-12,三機工業　株式会社　（金沢/花岡）,421400,運搬費,1 ,台,25000 ,27500 ,27500 
2021-07-12,三機工業　株式会社　（金沢/花岡）,421402,運搬費,1 ,台,25000 ,27500 ,27500 
2021-07-14,三機工業　株式会社　（金沢/花岡）,421405,運搬費,1 ,台,25000 ,27500 ,27500 
2021-07-20,三機工業　株式会社　（金沢/花岡）,422152,運搬費,1 ,台,25000 ,27500 ,27500 
2021-08-04,三機工業　株式会社　（金沢/花岡）,424166,運搬費,1 ,台,25000 ,27500 ,27500 
2021-08-10,三機工業　株式会社　（金沢/花岡）,425278,運搬費（3回転）,1 ,台,55000 ,60500 ,60500 
2021-08-27,三機工業　株式会社　（金沢/花岡）,427357,運搬費（常用）,1 ,台,55000 ,60500 ,60500 
2021-09-09,三機工業　株式会社　（金沢/花岡）,428706,運搬費（アスベスト運搬のみ二回転）,1 ,台,50000 ,55000 ,55000 
2021-09-24,三機工業　株式会社　（金沢/花岡）,431346,運搬費（常用）,1 ,台,55000 ,60500 ,60500 
2021-07-01,三機工業　株式会社　（葛西/山本）,419779,メッシュパレット設置費,1 ,台,12000 ,13200 ,13200 
2021-08-23,三機工業　株式会社　（葛西/山本）,427343,運搬費（4ｔｄ常用）,1 ,台,50000 ,55000 ,55000 
2021-08-23,三機工業　株式会社　（葛西/山本）,427347,運搬費（4ｔｄ常用）,1 ,台,50000 ,55000 ,55000 
2021-08-23,三機工業　株式会社　（葛西/山本）,427609,運搬費（4ｔﾕﾆｯｸ1日作業費）,1 ,台,45000 ,49500 ,49500 
2021-09-10,三機工業　株式会社　（葛西/山本）,429445,コンテナ設置費,1 ,台,12000 ,13200 ,13200 
2021-09-24,三機工業　株式会社　（葛西/山本）,431165,運搬費（4ｔｄ）,1 ,台,21000 ,23100 ,23100 
2021-09-24,三機工業　株式会社　（葛西/山本）,431167,運搬費（4ｔｄ）,1 ,台,21000 ,23100 ,23100 
2021-09-24,三機工業　株式会社　（葛西/山本）,431170,運搬費（4ｔｄ）,1 ,台,21000 ,23100 ,23100 
2021-09-24,三機工業　株式会社　（葛西/山本）,431174,運搬費（4ｔｄ）,1 ,台,21000 ,23100 ,23100 
2021-09-24,三機工業　株式会社　（葛西/山本）,431176,運搬費（4ｔｄ）,1 ,台,21000 ,23100 ,23100 
2021-09-24,三機工業　株式会社　（葛西/山本）,431178,運搬費（4ｔｄ）,1 ,台,21000 ,23100 ,23100 
2021-09-24,三機工業　株式会社　（葛西/山本）,431267,運搬費（4ｔﾕﾆｯｸ1日作業費）,1 ,台,45000 ,49500 ,49500 
2021-09-25,三機工業　株式会社　（岐阜/橋本）,423927,運搬費（ﾕﾆｯｸ車）,1 ,台,38000 ,41800 ,41800 
2021-08-19,三機工業　株式会社　（大阪/長谷川）,428284,運搬費,3 ,缶,6000 ,19800 ,19800 
2021-08-27,三機工業　株式会社　（松留/柏原）,426791,運搬費（4ｔﾕﾆｯｸ）,1 ,台,55000 ,60500 ,60500 
2021-11-02,三機工業　株式会社　（清瀬/南中）,436396,混合廃棄物,1 ,m3,10000 ,11000 ,60500 
2021-10-08,三機工業　株式会社　（清瀬/前田）,433227,作業費（半日作業）,1 ,式,60000 ,66000 ,11000 
2021-10-12,三機工業　株式会社　（清瀬/前田）,433232,作業費（1日作業）,1 ,式,110000 ,121000 ,66000 
2021-11-02,三機工業　株式会社　（清瀬/前田）,436446,混合廃棄物,8 ,m3,10000 ,88000 ,121000 
2021-10-19,三機工業　株式会社　（新河岸/赤城）,434403,廃油,3 ,缶,11000 ,36300 ,88000 
2021-10-31,三機工業　株式会社　（新河岸/赤城）,436825,紙類・書類,8 ,kg,25 ,220 ,36300 
2021-10-31,三機工業　株式会社　（新河岸/赤城）,436825,事務手数料,1 ,式,1500 ,1650 ,220 
2021-10-31,三機工業　株式会社　（新河岸/赤城）,436825,一般廃棄物（10月分）,1 ,式,5300 ,5830 ,1650 
2021-11-12,三機工業　株式会社　（新河岸/赤城）,439159,廃油,6 ,缶,11000 ,72600 ,5830 
2021-11-30,三機工業　株式会社　（新河岸/赤城）,440969,事務手数料,1 ,式,1500 ,1650 ,72600 
2021-11-30,三機工業　株式会社　（新河岸/赤城）,440969,一般廃棄物（11月30日分）,1 ,式,1100 ,1210 ,1650 
2021-12-24,三機工業　株式会社　（新河岸/赤城）,444068,混合廃棄物,4 ,m3,10000 ,44000 ,1210 
2021-12-31,三機工業　株式会社　（新河岸/赤城）,445376,事務手数料,1 ,式,1500 ,1650 ,44000 
2021-12-31,三機工業　株式会社　（新河岸/赤城）,445376,一般廃棄物（12月分）,1 ,式,6600 ,7260 ,1650 
2021-11-08,三機工業　株式会社　（山形/片岡）,438763,混合廃棄物（金属くず）,4 ,m3,9000 ,39600 ,7260 
2021-11-08,三機工業　株式会社　（山形/片岡）,438766,混合廃棄物,7 ,m3,13500 ,103950 ,39600 
2021-10-05,三機工業　株式会社　（南プラ/橘）,432856,コンクリ－トがら　無筋,2730 ,kg,3 ,9009 ,103950 
2021-10-05,三機工業　株式会社　（南プラ/橘）,432859,コンクリ－トがら　無筋,2240 ,kg,3 ,7392 ,9009 
2021-10-06,三機工業　株式会社　（南プラ/橘）,432863,コンクリ－トがら　無筋,2560 ,kg,3 ,8448 ,7392 
2021-10-06,三機工業　株式会社　（南プラ/橘）,432867,コンクリ－トがら　無筋,2670 ,kg,3 ,8811 ,8448 
2021-10-06,三機工業　株式会社　（南プラ/橘）,432870,コンクリ－トがら　無筋,2540 ,kg,3 ,8382 ,8811 
2021-10-06,三機工業　株式会社　（南プラ/橘）,433569,コンクリ－トがら　無筋,2420 ,kg,3 ,7986 ,8382 
2021-10-07,三機工業　株式会社　（南プラ/橘）,433436,コンクリ－トがら　無筋,2440 ,kg,3 ,8052 ,7986 
2021-10-07,三機工業　株式会社　（南プラ/橘）,433439,コンクリ－トがら　無筋,2520 ,kg,3 ,8316 ,8052 
2021-10-07,三機工業　株式会社　（南プラ/橘）,433443,コンクリ－トがら　無筋,2340 ,kg,3 ,7722 ,8316 
2021-10-07,三機工業　株式会社　（南プラ/橘）,433446,コンクリ－トがら　無筋,2490 ,kg,3 ,8217 ,7722 
2021-10-08,三機工業　株式会社　（南プラ/橘）,432849,廃油（14572476556）,140 ,L,150 ,23100 ,8217 
2021-10-08,三機工業　株式会社　（南プラ/橘）,432849,蛍光灯（14572476545）,6 ,kg,300 ,1980 ,23100 
2021-10-08,三機工業　株式会社　（南プラ/橘）,433449,コンクリ－トがら　無筋,2540 ,kg,3 ,8382 ,1980 
2021-10-08,三機工業　株式会社　（南プラ/橘）,433452,コンクリ－トがら　無筋,2700 ,kg,3 ,8910 ,8382 
2021-10-08,三機工業　株式会社　（南プラ/橘）,433455,コンクリ－トがら　無筋,2710 ,kg,3 ,8943 ,8910 
2021-10-11,三機工業　株式会社　（南プラ/橘）,434304,コンクリ－トがら　無筋,2630 ,kg,3 ,8679 ,8943 
2021-10-11,三機工業　株式会社　（南プラ/橘）,434307,コンクリ－トがら　無筋,2530 ,kg,3 ,8349 ,8679 
2021-10-11,三機工業　株式会社　（南プラ/橘）,434312,コンクリ－トがら　無筋,2420 ,kg,3 ,7986 ,8349 
2021-10-12,三機工業　株式会社　（南プラ/橘）,433487,コンクリ－トがら　無筋,2560 ,kg,3 ,8448 ,7986 
2021-10-12,三機工業　株式会社　（南プラ/橘）,434315,コンクリ－トがら　無筋,2460 ,kg,3 ,8118 ,8448 
2021-10-12,三機工業　株式会社　（南プラ/橘）,434319,コンクリ－トがら　無筋,2540 ,kg,3 ,8382 ,8118 
2021-10-12,三機工業　株式会社　（南プラ/橘）,434324,コンクリ－トがら　無筋,2310 ,kg,3 ,7623 ,8382 
2021-10-13,三機工業　株式会社　（南プラ/橘）,433491,コンクリ－トがら　無筋,2640 ,kg,3 ,8712 ,7623 
2021-10-13,三機工業　株式会社　（南プラ/橘）,434327,コンクリ－トがら　無筋,2670 ,kg,3 ,8811 ,8712 
2021-10-13,三機工業　株式会社　（南プラ/橘）,434331,コンクリ－トがら　無筋,2630 ,kg,3 ,8679 ,8811 
2021-10-13,三機工業　株式会社　（南プラ/橘）,434334,コンクリ－トがら　無筋,2530 ,kg,3 ,8349 ,8679 
2021-10-13,三機工業　株式会社　（南プラ/橘）,434339,コンクリ－トがら　無筋,2580 ,kg,3 ,8514 ,8349 
2021-10-14,三機工業　株式会社　（南プラ/橘）,434343,コンクリ－トがら　無筋,2280 ,kg,3 ,7524 ,8514 
2021-10-14,三機工業　株式会社　（南プラ/橘）,434356,コンクリ－トがら　無筋,2520 ,kg,3 ,8316 ,7524 
2021-10-14,三機工業　株式会社　（南プラ/橘）,434359,コンクリ－トがら　無筋,2590 ,kg,3 ,8547 ,8316 
2021-10-15,三機工業　株式会社　（南プラ/橘）,434345,コンクリ－トがら　無筋,2330 ,kg,3 ,7689 ,8547 
2021-10-15,三機工業　株式会社　（南プラ/橘）,434353,コンクリ－トがら　無筋,2500 ,kg,3 ,8250 ,7689 
2021-10-20,三機工業　株式会社　（南プラ/橘）,434968,コンクリ－トがら　無筋,2600 ,kg,3 ,8580 ,8250 
2021-10-20,三機工業　株式会社　（南プラ/橘）,434972,コンクリ－トがら　無筋,2580 ,kg,3 ,8514 ,8580 
2021-10-21,三機工業　株式会社　（南プラ/橘）,434975,コンクリ－トがら　無筋,2570 ,kg,3 ,8481 ,8514 
2021-10-21,三機工業　株式会社　（南プラ/橘）,434979,コンクリ－トがら　無筋,2380 ,kg,3 ,7854 ,8481 
2021-10-27,三機工業　株式会社　（南プラ/橘）,436291,コンクリ－トがら　無筋,2640 ,kg,3 ,8712 ,7854 
2021-10-31,三機工業　株式会社　（南プラ/橘）,436738,メッシュパレットリース料（10/1～,2 ,台,3000 ,6600 ,8712 
2021-11-20,三機工業　株式会社　（南プラ/橘）,438889,混合廃棄物,8 ,m3,10000 ,88000 ,6600 
2021-11-30,三機工業　株式会社　（南プラ/橘）,440665,メッシュパレットリース料（11/1～,2 ,台,3000 ,6600 ,88000 
2021-12-31,三機工業　株式会社　（南プラ/橘）,445096,メッシュパレットリース料（12/1～,2 ,台,3000 ,6600 ,6600 
2021-10-21,三機工業　株式会社　（八戸市/佐藤）,436761,木くず,1700 ,kg,35 ,65450 ,6600 
2021-10-21,三機工業　株式会社　（八戸市/佐藤）,436761,産廃税（木くず）,1700 ,kg,0 ,170 ,9350 
2021-10-31,三機工業　株式会社　（八戸市/佐藤）,436757,一般廃棄物,1 ,式,10000 ,11000 ,0 
2021-11-18,三機工業　株式会社　（八戸市/佐藤）,440898,廃プラスチック類（14611731015）,320 ,kg,55 ,19360 ,2200 
2021-11-18,三機工業　株式会社　（八戸市/佐藤）,440898,木くず（14611731026）,800 ,kg,35 ,30800 ,(12980)
2021-11-18,三機工業　株式会社　（八戸市/佐藤）,440898,混合廃棄物（14611731037）,490 ,kg,65 ,35035 ,4400 
2021-11-18,三機工業　株式会社　（八戸市/佐藤）,440898,産廃税（混合廃棄物）,490 ,kg,1 ,490 ,35035 
2021-11-18,三機工業　株式会社　（八戸市/佐藤）,440898,産廃税（廃プラスチック類）,320 ,kg,0 ,80 ,490 
2021-11-18,三機工業　株式会社　（八戸市/佐藤）,440898,産廃税（木くず）,800 ,kg,0 ,80 ,(570)
2021-11-30,三機工業　株式会社　（八戸市/佐藤）,440900,一般廃棄物,1 ,式,10000 ,11000 ,(17520)
2021-12-28,三機工業　株式会社　（八戸市/佐藤）,445288,廃プラスチック類（14644785863）,220 ,kg,55 ,13310 ,2200 
2021-12-28,三機工業　株式会社　（八戸市/佐藤）,445288,木くず（14644785874）,310 ,kg,35 ,11935 ,3080 
2021-12-28,三機工業　株式会社　（八戸市/佐藤）,445288,混合廃棄物（14644785885）,400 ,kg,65 ,28600 ,11449 
2021-12-28,三機工業　株式会社　（八戸市/佐藤）,445288,コンクリ－トがら（14644779293）,3390 ,kg,3 ,11187 ,28600 
2021-12-28,三機工業　株式会社　（八戸市/佐藤）,445288,コンクリ－トがら（14657871009）,1350 ,kg,3 ,4455 ,(1848)
2021-12-28,三機工業　株式会社　（八戸市/佐藤）,445288,産廃税（廃プラスチック類）,220 ,kg,0 ,55 ,(7645)
2021-12-28,三機工業　株式会社　（八戸市/佐藤）,445288,産廃税（混合廃棄物）,400 ,kg,1 ,400 ,(26345)
2021-12-28,三機工業　株式会社　（八戸市/佐藤）,445288,産廃税（木くず）,310 ,kg,0 ,31 ,400 
2021-12-31,三機工業　株式会社　（八戸市/佐藤）,445282,一般廃棄物,1 ,式,10000 ,11000 ,31 
2021-12-31,三機工業　株式会社　（八戸市/佐藤）,445282,一般廃棄物（資源物）12/7分,1 ,式,1500 ,1650 ,2200 
2021-12-31,三機工業　株式会社　（八戸市/佐藤）,445282,一般廃棄物（資源物）12/16分,1 ,式,1500 ,1650 ,0 
2021-10-05,三機工業　株式会社　（金沢/花岡）,432484,コンクリ－トがら　無筋,2300 ,kg,4 ,8855 ,0 
2021-10-06,三機工業　株式会社　（金沢/花岡）,432208,混合廃棄物,8 ,m3,10000 ,88000 ,8855 
2021-10-11,三機工業　株式会社　（金沢/花岡）,432804,木くず（14574229554）,6 ,m3,6000 ,39600 ,88000 
2021-10-11,三機工業　株式会社　（金沢/花岡）,432804,混合廃棄物（14574231434）,1 ,m3,10000 ,11000 ,39600 
2021-10-21,三機工業　株式会社　（葛西/山本）,434984,がれき類,3240 ,kg,15 ,53460 ,11000 
2021-10-21,三機工業　株式会社　（葛西/山本）,434986,がれき類,3510 ,kg,15 ,57915 ,53460 
2021-10-21,三機工業　株式会社　（葛西/山本）,434988,がれき類,3470 ,kg,15 ,57255 ,57915 
2021-10-21,三機工業　株式会社　（葛西/山本）,435650,がれき類,3340 ,kg,15 ,55110 ,57255 
2021-10-21,三機工業　株式会社　（葛西/山本）,435658,がれき類,3520 ,kg,15 ,58080 ,55110 
2021-10-21,三機工業　株式会社　（葛西/山本）,435663,がれき類,3080 ,kg,15 ,50820 ,58080 
2021-10-21,三機工業　株式会社　（葛西/山本）,435670,がれき類,3290 ,kg,15 ,54285 ,50820 
2021-10-21,三機工業　株式会社　（葛西/山本）,435672,がれき類,3500 ,kg,15 ,57750 ,54285 
2021-10-21,三機工業　株式会社　（葛西/山本）,435674,がれき類,2970 ,kg,15 ,49005 ,57750 
2021-10-22,三機工業　株式会社　（葛西/山本）,435678,コンクリ－トがら　無筋,1980 ,kg,4 ,7623 ,49005 
2021-10-22,三機工業　株式会社　（葛西/山本）,435680,コンクリ－トがら　無筋,2340 ,kg,4 ,9009 ,7623 
2021-10-22,三機工業　株式会社　（葛西/山本）,435683,コンクリ－トがら　無筋,2340 ,kg,4 ,9009 ,9009 
2021-10-22,三機工業　株式会社　（葛西/山本）,435689,コンクリ－トがら　無筋,2010 ,kg,4 ,7738 ,9009 
2021-10-26,三機工業　株式会社　（葛西/山本）,436266,コンクリ－トがら　無筋,2280 ,kg,4 ,8778 ,7738 
2021-10-28,三機工業　株式会社　（葛西/山本）,435582,混合廃棄物,10 ,m3,10000 ,110000 ,8778 
2021-10-31,三機工業　株式会社　（葛西/山本）,436295,事務手数料,1 ,式,1500 ,1650 ,110000 
2021-10-31,三機工業　株式会社　（葛西/山本）,436295,一般廃棄物（10/1～10/31）,1 ,式,24880 ,27368 ,1650 
2021-10-31,三機工業　株式会社　（葛西/山本）,436733,メッシュパレットリース料（10/1～,4 ,台,3000 ,13200 ,0 
2021-11-10,三機工業　株式会社　（葛西/山本）,437543,木くず,8 ,m3,6000 ,52800 ,13200 
2021-11-19,三機工業　株式会社　（葛西/山本）,438750,混合廃棄物（フライト）,7 ,m3,35000 ,269500 ,52800 
2021-11-22,三機工業　株式会社　（葛西/山本）,439129,混合廃棄物,2 ,m3,10000 ,22000 ,269500 
2021-11-22,三機工業　株式会社　（葛西/山本）,439129,混合廃棄物（フライト）,4 ,m3,35000 ,154000 ,22000 
2021-11-24,三機工業　株式会社　（葛西/山本）,439304,混合廃棄物,8 ,m3,10000 ,88000 ,154000 
2021-11-24,三機工業　株式会社　（葛西/山本）,440124,コンクリ－トがら　無筋,2410 ,kg,4 ,9278 ,88000 
2021-11-30,三機工業　株式会社　（葛西/山本）,440521,事務手数料,1 ,式,1500 ,1650 ,9278 
2021-11-30,三機工業　株式会社　（葛西/山本）,440521,一般廃棄物（11/1～11/30）,1 ,式,26000 ,28600 ,1650 
2021-11-30,三機工業　株式会社　（葛西/山本）,440661,メッシュパレットリース料（11/1～,4 ,台,3000 ,13200 ,0 
2021-12-09,三機工業　株式会社　（葛西/山本）,441771,混合廃棄物,8 ,m3,10000 ,88000 ,13200 
2021-12-21,三機工業　株式会社　（葛西/山本）,443433,混合廃棄物,8 ,m3,10000 ,88000 ,88000 
2021-12-21,三機工業　株式会社　（葛西/山本）,444920,コンクリ－トがら　無筋,2350 ,kg,4 ,9047 ,88000 
2021-12-31,三機工業　株式会社　（葛西/山本）,445084,メッシュパレットリース料（12/1～,4 ,台,3000 ,13200 ,9047 
2021-12-31,三機工業　株式会社　（葛西/山本）,445213,事務手数料,1 ,式,1500 ,1650 ,13200 
2021-12-31,三機工業　株式会社　（葛西/山本）,445213,一般廃棄物（12/1～12/31）,1 ,式,26590 ,29249 ,1650 
2021-11-04,三機工業　株式会社　（八王子/伊藤）,438122,フレコン,1 ,枚,800 ,880 ,0 
2021-11-17,三機工業　株式会社　（八王子/伊藤）,438761,廃油,600 ,L,150 ,99000 ,880 
2021-11-26,三機工業　株式会社　（八王子/伊藤）,440121,廃油,812 ,L,150 ,133980 ,99000 
2021-12-07,三機工業　株式会社　（八王子/伊藤）,441463,混合廃棄物,4 ,m3,10000 ,38500 ,133980 
2021-12-07,三機工業　株式会社　（八王子/伊藤）,442636,メッシュパレットリース料,1 ,台,3000 ,3300 ,38500 
2021-11-02,三機工業　株式会社　（清瀬/南中）,436396,運搬費（4ｔﾕﾆｯｸ）,1 ,台,35000 ,38500 ,3300 
2021-11-02,三機工業　株式会社　（清瀬/南中）,436446,運搬費（4ｔｃ）,1 ,台,25000 ,27500 ,38500 
2021-10-19,三機工業　株式会社　（新河岸/赤城）,434403,運搬費（4ｔﾕﾆｯｸ）,1 ,台,30000 ,33000 ,27500 
2021-11-12,三機工業　株式会社　（新河岸/赤城）,439159,運搬費（4ｔﾕﾆｯｸ）,1 ,台,30000 ,33000 ,33000 
2021-12-24,三機工業　株式会社　（新河岸/赤城）,444068,運搬費（4ｔｃ）,1 ,台,21000 ,23100 ,33000 
2021-10-18,三機工業　株式会社　（山形/片岡）,437268,コンテナ設置費,2 ,台,15000 ,33000 ,23100 
2021-11-08,三機工業　株式会社　（山形/片岡）,438763,運搬費,1 ,台,25000 ,27500 ,33000 
2021-11-08,三機工業　株式会社　（山形/片岡）,438766,運搬費,1 ,台,25000 ,27500 ,27500 
2021-10-02,三機工業　株式会社　（南プラ/橘）,432486,運搬費（スクラップ）,2 ,台,25000 ,55000 ,27500 
2021-10-05,三機工業　株式会社　（南プラ/橘）,432856,運搬費（4ｔｃ）,1 ,台,21000 ,23100 ,55000 
2021-10-05,三機工業　株式会社　（南プラ/橘）,432859,運搬費（4ｔｃ）,1 ,台,21000 ,23100 ,23100 
2021-10-06,三機工業　株式会社　（南プラ/橘）,432863,運搬費（4ｔｃ）,1 ,台,21000 ,23100 ,23100 
2021-10-06,三機工業　株式会社　（南プラ/橘）,432867,運搬費（4ｔｃ）,1 ,台,21000 ,23100 ,23100 
2021-10-06,三機工業　株式会社　（南プラ/橘）,432870,運搬費（4ｔｃ）,1 ,台,21000 ,23100 ,23100 
2021-10-06,三機工業　株式会社　（南プラ/橘）,433569,運搬費（4ｔｃ）,1 ,台,21000 ,23100 ,23100 
2021-10-07,三機工業　株式会社　（南プラ/橘）,433436,運搬費（4ｔｃ）,1 ,台,21000 ,23100 ,23100 
2021-10-07,三機工業　株式会社　（南プラ/橘）,433439,運搬費（4ｔｃ）,1 ,台,21000 ,23100 ,23100 
2021-10-07,三機工業　株式会社　（南プラ/橘）,433443,運搬費（4ｔｃ）,1 ,台,21000 ,23100 ,23100 
2021-10-07,三機工業　株式会社　（南プラ/橘）,433446,運搬費（4ｔｃ）,1 ,台,21000 ,23100 ,23100 
2021-10-08,三機工業　株式会社　（南プラ/橘）,432849,運搬費（4ｔｃ）二ヵ所下ろし,1 ,台,35000 ,38500 ,23100 
2021-10-08,三機工業　株式会社　（南プラ/橘）,433449,運搬費（4ｔｃ）,1 ,台,21000 ,23100 ,38500 
2021-10-08,三機工業　株式会社　（南プラ/橘）,433452,運搬費（4ｔｃ）,1 ,台,21000 ,23100 ,23100 
2021-10-08,三機工業　株式会社　（南プラ/橘）,433455,運搬費（4ｔｃ）,1 ,台,21000 ,23100 ,23100 
2021-10-08,三機工業　株式会社　（南プラ/橘）,433458,コンテナ設置費,3 ,台,12000 ,39600 ,23100 
2021-10-11,三機工業　株式会社　（南プラ/橘）,434304,運搬費（4ｔｃ）,1 ,台,21000 ,23100 ,39600 
2021-10-11,三機工業　株式会社　（南プラ/橘）,434307,運搬費（4ｔｃ）,1 ,台,21000 ,23100 ,23100 
2021-10-11,三機工業　株式会社　（南プラ/橘）,434312,運搬費（4ｔｃ）,1 ,台,21000 ,23100 ,23100 
2021-10-12,三機工業　株式会社　（南プラ/橘）,433487,運搬費（4ｔｃ）,1 ,台,21000 ,23100 ,23100 
2021-10-12,三機工業　株式会社　（南プラ/橘）,434315,運搬費（4ｔｃ）,1 ,台,21000 ,23100 ,23100 
2021-10-12,三機工業　株式会社　（南プラ/橘）,434319,運搬費（4ｔｃ）,1 ,台,21000 ,23100 ,23100 
2021-10-12,三機工業　株式会社　（南プラ/橘）,434324,運搬費（4ｔｃ）,1 ,台,21000 ,23100 ,23100 
2021-10-13,三機工業　株式会社　（南プラ/橘）,433491,運搬費（4ｔｃ）,1 ,台,21000 ,23100 ,23100 
2021-10-13,三機工業　株式会社　（南プラ/橘）,434327,運搬費（4ｔｃ）,1 ,台,21000 ,23100 ,23100 
2021-10-13,三機工業　株式会社　（南プラ/橘）,434339,運搬費（4ｔｃ常用）,1 ,台,55000 ,60500 ,23100 
2021-10-14,三機工業　株式会社　（南プラ/橘）,433431,運搬費（スクラップ）,1 ,台,25000 ,27500 ,60500 
2021-10-14,三機工業　株式会社　（南プラ/橘）,434343,運搬費（4ｔｃ）,1 ,台,21000 ,23100 ,27500 
2021-10-14,三機工業　株式会社　（南プラ/橘）,434356,運搬費（4ｔｃ）,1 ,台,21000 ,23100 ,23100 
2021-10-14,三機工業　株式会社　（南プラ/橘）,434359,運搬費（4ｔｃ）,1 ,台,21000 ,23100 ,23100 
2021-10-15,三機工業　株式会社　（南プラ/橘）,433647,運搬費（当日キャンセル費）,1 ,台,15000 ,16500 ,23100 
2021-10-15,三機工業　株式会社　（南プラ/橘）,434345,運搬費（4ｔｃ）,1 ,台,21000 ,23100 ,16500 
2021-10-15,三機工業　株式会社　（南プラ/橘）,434353,運搬費（4ｔｃ）,1 ,台,21000 ,23100 ,23100 
2021-10-20,三機工業　株式会社　（南プラ/橘）,434968,運搬費（4ｔｃ）,1 ,台,21000 ,23100 ,23100 
2021-10-20,三機工業　株式会社　（南プラ/橘）,434972,運搬費（4ｔｃ）,1 ,台,21000 ,23100 ,23100 
2021-10-21,三機工業　株式会社　（南プラ/橘）,434975,運搬費（4ｔｃ）,1 ,台,21000 ,23100 ,23100 
2021-10-21,三機工業　株式会社　（南プラ/橘）,434979,運搬費（4ｔｃ）,1 ,台,21000 ,23100 ,23100 
2021-10-27,三機工業　株式会社　（南プラ/橘）,436291,運搬費（4ｔｃ）,1 ,台,21000 ,23100 ,23100 
2021-11-15,三機工業　株式会社　（南プラ/橘）,438258,運搬費（スクラップ）,1 ,台,25000 ,27500 ,23100 
2021-11-20,三機工業　株式会社　（南プラ/橘）,438889,運搬費（4ｔｃ）,1 ,台,21000 ,23100 ,27500 
2021-10-21,三機工業　株式会社　（八戸市/佐藤）,436761,運搬費（4ｔﾕﾆｯｸ）,1 ,台,19000 ,20900 ,23100 
2021-11-18,三機工業　株式会社　（八戸市/佐藤）,440898,運搬費（4ｔﾕﾆｯｸ）,1 ,台,19000 ,20900 ,5500 
2021-12-28,三機工業　株式会社　（八戸市/佐藤）,445288,運搬費（4ｔﾕﾆｯｸ）,2 ,台,19000 ,41800 ,5500 
2021-10-05,三機工業　株式会社　（金沢/花岡）,432484,運搬費,1 ,台,25000 ,27500 ,11000 
2021-10-06,三機工業　株式会社　（金沢/花岡）,432208,運搬費（4ｔﾕﾆｯｸ）,1 ,台,30000 ,33000 ,27500 
2021-10-11,三機工業　株式会社　（金沢/花岡）,432804,運搬費,1 ,台,25000 ,27500 ,33000 
2021-10-21,三機工業　株式会社　（葛西/山本）,434988,運搬費（4ｔｄ常用）,1 ,台,50000 ,55000 ,27500 
2021-10-21,三機工業　株式会社　（葛西/山本）,435433,運搬費（4ｔﾕﾆｯｸ1日作業費）,1 ,台,45000 ,49500 ,55000 
2021-10-21,三機工業　株式会社　（葛西/山本）,435663,運搬費（4ｔｄ常用）,1 ,台,50000 ,55000 ,49500 
2021-10-21,三機工業　株式会社　（葛西/山本）,435674,運搬費（4ｔｄ常用）,1 ,台,50000 ,55000 ,55000 
2021-10-22,三機工業　株式会社　（葛西/山本）,435689,運搬費（4ｔｃ常用）,1 ,台,55000 ,60500 ,55000 
2021-10-26,三機工業　株式会社　（葛西/山本）,436266,運搬費（4ｔｃ）,1 ,台,21000 ,23100 ,60500 
2021-10-28,三機工業　株式会社　（葛西/山本）,435582,運搬費（4ｔﾕﾆｯｸ）,1 ,台,28000 ,30800 ,23100 
2021-10-29,三機工業　株式会社　（葛西/山本）,436277,コンテナ設置費,1 ,台,12000 ,13200 ,30800 
2021-11-10,三機工業　株式会社　（葛西/山本）,437543,運搬費（4ｔｃ）,1 ,台,21000 ,23100 ,13200 
2021-11-19,三機工業　株式会社　（葛西/山本）,438750,運搬費（4ｔﾕﾆｯｸ）,1 ,台,28000 ,30800 ,23100 
2021-11-22,三機工業　株式会社　（葛西/山本）,439129,運搬費（4ｔﾕﾆｯｸ）,1 ,台,28000 ,30800 ,30800 
2021-11-24,三機工業　株式会社　（葛西/山本）,439304,運搬費（4ｔｃ）,1 ,台,21000 ,23100 ,30800 
2021-11-24,三機工業　株式会社　（葛西/山本）,440124,運搬費（4ｔｃ）,1 ,台,21000 ,23100 ,23100 
2021-12-09,三機工業　株式会社　（葛西/山本）,441771,運搬費（4ｔｃ）,1 ,台,21000 ,23100 ,23100 
2021-12-21,三機工業　株式会社　（葛西/山本）,443433,運搬費（4ｔｃ）,1 ,台,21000 ,23100 ,23100 
2021-12-21,三機工業　株式会社　（葛西/山本）,444920,運搬費（4ｔｃ）,1 ,台,21000 ,23100 ,23100 
2021-11-04,三機工業　株式会社　（八王子/伊藤）,438122,メッシュパレット設置費,1 ,台,15000 ,16500 ,23100 
2021-11-17,三機工業　株式会社　（八王子/伊藤）,438761,運搬費（4ｔﾕﾆｯｸ）,1 ,台,38000 ,41800 ,16500 
2021-11-26,三機工業　株式会社　（八王子/伊藤）,440121,運搬費（4ｔﾕﾆｯｸ）,1 ,台,38000 ,41800 ,41800 
2021-12-07,三機工業　株式会社　（八王子/伊藤）,441463,運搬費（4ｔﾕﾆｯｸ）,1 ,台,38000 ,41800 ,41800 
2022-02-01,三機工業　株式会社　（北多摩/大原）,449024,コンテナ用シート,2 ,枚,5000 ,11000 ,41800 
2022-01-17,三機工業　株式会社　（清瀬/前田）,446570,混合廃棄物,4 ,m3,10000 ,44000 ,11000 
2022-03-04,三機工業　株式会社　（清瀬/前田）,453464,木くず（14721705557）,2 ,m3,6000 ,13200 ,44000 
2022-03-04,三機工業　株式会社　（清瀬/前田）,453464,混合廃棄物（14721199914）,5 ,m3,10000 ,55000 ,13200 
2022-01-05,三機工業　株式会社　（南プラ/橘）,445158,混合廃棄物,9 ,m3,10000 ,93500 ,55000 
2022-01-31,三機工業　株式会社　（南プラ/橘）,449376,メッシュパレットリース料（1/1～,2 ,台,3000 ,6600 ,93500 
2022-02-08,三機工業　株式会社　（南プラ/橘）,449854,混合廃棄物,9 ,m3,10000 ,99000 ,6600 
2022-02-21,三機工業　株式会社　（南プラ/橘）,452878,コンクリ－トがら　無筋,2400 ,kg,3 ,7920 ,99000 
2022-02-28,三機工業　株式会社　（南プラ/橘）,453526,メッシュパレットリース料（2/1～,2 ,台,3000 ,6600 ,7920 
2022-03-02,三機工業　株式会社　（南プラ/橘）,452990,混合廃棄物,8 ,m3,10000 ,88000 ,6600 
2022-03-08,三機工業　株式会社　（南プラ/橘）,454072,混合廃棄物,8 ,m3,10000 ,88000 ,88000 
2022-03-08,三機工業　株式会社　（南プラ/橘）,454181,混合廃棄物,2 ,m3,10000 ,22000 ,88000 
2022-03-09,三機工業　株式会社　（南プラ/橘）,455306,コンクリ－トがら　無筋,670 ,kg,3 ,2211 ,22000 
2022-01-31,三機工業　株式会社　（八戸市/佐藤）,449160,一般廃棄物,1 ,式,10000 ,11000 ,2211 
2022-02-08,三機工業　株式会社　（八戸市/佐藤）,453051,廃プラスチック類（14692822509）,110 ,kg,55 ,6655 ,2200 
2022-02-08,三機工業　株式会社　（八戸市/佐藤）,453051,木くず（14696273132）,1540 ,kg,35 ,59290 ,605 
2022-02-08,三機工業　株式会社　（八戸市/佐藤）,453051,混合廃棄物（14692822510）,250 ,kg,65 ,17875 ,42790 
2022-02-08,三機工業　株式会社　（八戸市/佐藤）,453051,コンクリ－トがら（14692822497）,1060 ,kg,3 ,3498 ,17875 
2022-02-08,三機工業　株式会社　（八戸市/佐藤）,453051,産廃税（木くず）,1540 ,kg,0 ,154 ,583 
2022-02-08,三機工業　株式会社　（八戸市/佐藤）,453051,産廃税（廃プラスチック類）,110 ,kg,0 ,27 ,(277)
2022-02-08,三機工業　株式会社　（八戸市/佐藤）,453051,産廃税（混合廃棄物）,250 ,kg,1 ,250 ,(50793)
2022-02-28,三機工業　株式会社　（八戸市/佐藤）,453046,一般廃棄物,1 ,式,10000 ,11000 ,250 
2022-02-28,三機工業　株式会社　（八戸市/佐藤）,453058,コンクリ－トがら（14716224546）,1460 ,kg,3 ,4818 ,2200 
2022-02-28,三機工業　株式会社　（八戸市/佐藤）,453058,コンクリ－トがら（14716224524）,2830 ,kg,3 ,9339 ,(6979)
2022-03-05,三機工業　株式会社　（八戸市/佐藤）,457400,廃プラスチック類（14722374145）塩ビ,230 ,kg,130 ,32890 ,9339 
2022-03-05,三機工業　株式会社　（八戸市/佐藤）,457400,木くず（1472234156）,1870 ,kg,35 ,71995 ,2530 
2022-03-05,三機工業　株式会社　（八戸市/佐藤）,457400,木くず（14723205295）,1450 ,kg,35 ,55825 ,24145 
2022-03-05,三機工業　株式会社　（八戸市/佐藤）,457400,グラスウール（14722374178）,40 ,kg,340 ,14960 ,41305 
2022-03-05,三機工業　株式会社　（八戸市/佐藤）,457400,混合廃棄物（14722374167）,60 ,kg,65 ,4290 ,14960 
2022-03-05,三機工業　株式会社　（八戸市/佐藤）,457400,産廃税,60 ,kg,1 ,60 ,4290 
2022-03-05,三機工業　株式会社　（八戸市/佐藤）,457400,産廃税,40 ,kg,1 ,40 ,60 
2022-03-05,三機工業　株式会社　（八戸市/佐藤）,457400,産廃税,1450 ,kg,0 ,145 ,40 
2022-03-05,三機工業　株式会社　（八戸市/佐藤）,457400,産廃税,1870 ,kg,0 ,187 ,(344)
2022-03-05,三機工業　株式会社　（八戸市/佐藤）,457400,産廃税,230 ,kg,0 ,57 ,(3773)
2022-03-10,三機工業　株式会社　（八戸市/佐藤）,455303,金属くず,3790 ,kg,35 ,145915 ,(61653)
2022-03-25,三機工業　株式会社　（八戸市/佐藤）,458244,廃プラスチック類（14740305385）,180 ,kg,55 ,10890 ,20845 
2022-03-25,三機工業　株式会社　（八戸市/佐藤）,458244,廃プラスチック類（14743853083）,80 ,kg,55 ,4840 ,(12210)
2022-03-25,三機工業　株式会社　（八戸市/佐藤）,458244,木くず（14740305396）,700 ,kg,35 ,26950 ,(78980)
2022-03-25,三機工業　株式会社　（八戸市/佐藤）,458244,混合廃棄物（14740305408）,860 ,kg,65 ,61490 ,26950 
2022-03-25,三機工業　株式会社　（八戸市/佐藤）,458244,混合廃棄物（14743853094）,410 ,kg,65 ,29315 ,61490 
2022-03-25,三機工業　株式会社　（八戸市/佐藤）,458244,産廃税,410 ,kg,1 ,410 ,29315 
2022-03-25,三機工業　株式会社　（八戸市/佐藤）,458244,産廃税,860 ,kg,1 ,860 ,410 
2022-03-25,三機工業　株式会社　（八戸市/佐藤）,458244,産廃税,700 ,kg,0 ,70 ,860 
2022-03-25,三機工業　株式会社　（八戸市/佐藤）,458244,産廃税,80 ,kg,0 ,20 ,70 
2022-03-25,三機工業　株式会社　（八戸市/佐藤）,458244,産廃税,180 ,kg,0 ,45 ,(1385)
2022-03-31,三機工業　株式会社　（八戸市/佐藤）,458262,一般廃棄物,1 ,式,10000 ,11000 ,(14255)
2022-03-31,三機工業　株式会社　（八戸市/佐藤）,458262,一般廃棄物　資源（3/4分）,1 ,式,1500 ,1650 ,2200 
2022-03-31,三機工業　株式会社　（八戸市/佐藤）,458271,コンテナリース費,1 ,台,6000 ,6600 ,0 
2022-03-31,三機工業　株式会社　（八戸市/佐藤）,458280,一般廃棄物　資源（3/22分）,1 ,式,1500 ,1650 ,1100 
2022-01-06,三機工業　株式会社　（葛西/山本）,446245,コンクリ－トがら　無筋,2050 ,kg,4 ,7892 ,0 
2022-01-06,三機工業　株式会社　（葛西/山本）,446251,コンクリ－トがら　無筋,2180 ,kg,4 ,8393 ,7892 
2022-01-12,三機工業　株式会社　（葛西/山本）,445971,混合廃棄物,20 ,m3,10000 ,220000 ,8393 
2022-01-31,三機工業　株式会社　（葛西/山本）,448853,事務手数料,1 ,式,1500 ,1650 ,220000 
2022-01-31,三機工業　株式会社　（葛西/山本）,448853,一般廃棄物（1/1～1/31）,1 ,式,20000 ,22000 ,1650 
2022-01-31,三機工業　株式会社　（葛西/山本）,449374,メッシュパレットリース料（1/1～,4 ,台,3000 ,13200 ,0 
2022-02-01,三機工業　株式会社　（葛西/山本）,449702,コンクリ－トがら　無筋,2170 ,kg,4 ,8354 ,13200 
2022-02-03,三機工業　株式会社　（葛西/山本）,449201,混合廃棄物,6 ,m3,10000 ,66000 ,8354 
2022-02-22,三機工業　株式会社　（葛西/山本）,451681,がれき類,1920 ,kg,35 ,73920 ,66000 
2022-02-28,三機工業　株式会社　（葛西/山本）,453090,メッシュパレットリース料（2/1～,4 ,台,3000 ,13200 ,73920 
2022-02-28,三機工業　株式会社　（葛西/山本）,453096,事務手数料,1 ,式,1500 ,1650 ,13200 
2022-02-28,三機工業　株式会社　（葛西/山本）,453096,一般廃棄物（2/1～2/28）,1 ,式,20000 ,22000 ,1650 
2022-03-01,三機工業　株式会社　（葛西/山本）,452862,混合廃棄物,13 ,m3,10000 ,137500 ,0 
2022-03-01,三機工業　株式会社　（葛西/山本）,452869,がれき類,5340 ,kg,35 ,205590 ,137500 
2022-03-24,三機工業　株式会社　（葛西/山本）,457405,がれき類,3530 ,kg,15 ,58245 ,205590 
2022-03-24,三機工業　株式会社　（葛西/山本）,457410,がれき類,3410 ,kg,15 ,56265 ,58245 
2022-03-24,三機工業　株式会社　（葛西/山本）,457557,がれき類,3520 ,kg,15 ,58080 ,56265 
2022-03-24,三機工業　株式会社　（葛西/山本）,457559,がれき類,3450 ,kg,15 ,56925 ,58080 
2022-03-24,三機工業　株式会社　（葛西/山本）,457563,がれき類,3410 ,kg,15 ,56265 ,56925 
2022-03-24,三機工業　株式会社　（葛西/山本）,457574,がれき類,3190 ,kg,15 ,52635 ,56265 
2022-03-31,三機工業　株式会社　（葛西/山本）,458249,メッシュパレットリース料（3/1～,4 ,台,3000 ,13200 ,52635 
2022-03-31,三機工業　株式会社　（葛西/山本）,458356,事務手数料,1 ,式,1500 ,1650 ,13200 
2022-03-31,三機工業　株式会社　（葛西/山本）,458356,一般廃棄物（3/1～3/31）,1 ,式,20000 ,22000 ,1650 
2022-02-14,三機工業　株式会社　（葛西/阿部）,450544,コンテナ用シート,1 ,枚,5000 ,5500 ,0 
2022-02-24,三機工業　株式会社　（葛西/阿部）,453067,コンクリ－トがら　無筋,1720 ,kg,3 ,5676 ,5500 
2022-03-08,三機工業　株式会社　（葛西/阿部）,454309,コンクリ－トがら　無筋,1450 ,kg,3 ,4785 ,5676 
2022-03-17,三機工業　株式会社　（葛西/阿部）,456214,コンクリ－トがら　無筋,1980 ,kg,3 ,6534 ,4785 
2022-03-17,三機工業　株式会社　（葛西/阿部）,456217,コンクリ－トがら　無筋,2500 ,kg,3 ,8250 ,6534 
2022-03-22,三機工業　株式会社　（葛西/阿部）,456820,コンクリ－トがら　無筋,8760 ,kg,3 ,28908 ,8250 
2022-03-10,三機工業　株式会社　（朝霞/田中）,454456,廃プラスチック類（14723932023）,3 ,m3,10000 ,27500 ,28908 
2022-03-10,三機工業　株式会社　（朝霞/田中）,454456,木くず（14723932012）,3 ,m3,6000 ,19800 ,27500 
2022-03-10,三機工業　株式会社　（朝霞/田中）,454456,混合廃棄物（14723932034）,5 ,m3,10000 ,49500 ,19800 
2022-02-01,三機工業　株式会社　（北多摩/大原）,449794,コンテナ設置費,1 ,台,12000 ,13200 ,49500 
2022-02-03,三機工業　株式会社　（北多摩/大原）,449711,コンテナ設置費,1 ,台,12000 ,13200 ,13200 
2022-01-17,三機工業　株式会社　（清瀬/前田）,446570,運搬費（4ｔｃ）,1 ,台,25000 ,27500 ,13200 
2022-01-17,三機工業　株式会社　（清瀬/前田）,446983,運搬費（4ｔﾕﾆｯｸ）,1 ,台,35000 ,38500 ,27500 
2022-03-04,三機工業　株式会社　（清瀬/前田）,453464,運搬費（4ｔﾕﾆｯｸ）,1 ,台,35000 ,38500 ,38500 
2022-01-05,三機工業　株式会社　（南プラ/橘）,445158,運搬費（4ｔｃ）,1 ,台,21000 ,23100 ,38500 
2022-02-08,三機工業　株式会社　（南プラ/橘）,449854,運搬費（4ｔｃ）,1 ,台,21000 ,23100 ,23100 
2022-02-17,三機工業　株式会社　（南プラ/橘）,451567,コンテナ設置費,1 ,台,12000 ,13200 ,23100 
2022-02-21,三機工業　株式会社　（南プラ/橘）,452878,運搬費（4ｔｃ）,1 ,台,21000 ,23100 ,13200 
2022-02-28,三機工業　株式会社　（南プラ/橘）,452928,運搬費（メッシュパレット引上げ費）,1 ,台,21000 ,23100 ,23100 
2022-03-02,三機工業　株式会社　（南プラ/橘）,452990,運搬費,1 ,台,21000 ,23100 ,23100 
2022-03-08,三機工業　株式会社　（南プラ/橘）,454072,運搬費,1 ,台,21000 ,23100 ,23100 
2022-03-08,三機工業　株式会社　（南プラ/橘）,454181,運搬費,1 ,台,21000 ,23100 ,23100 
2022-03-09,三機工業　株式会社　（南プラ/橘）,455306,運搬費,1 ,台,21000 ,23100 ,23100 
2022-01-07,三機工業　株式会社　（多摩川/橋本）,445727,コンテナ設置費,1 ,台,15000 ,16500 ,23100 
2022-02-08,三機工業　株式会社　（八戸市/佐藤）,453051,運搬費（4ｔコンテナ）,2 ,台,18000 ,39600 ,16500 
2022-02-28,三機工業　株式会社　（八戸市/佐藤）,453058,運搬費（4ｔﾕﾆｯｸ）,2 ,台,19000 ,41800 ,11000 
2022-03-05,三機工業　株式会社　（八戸市/佐藤）,457400,運搬費（4ｔコンテナ）,2 ,台,18000 ,39600 ,11000 
2022-03-10,三機工業　株式会社　（八戸市/佐藤）,455303,運搬費（4ｔコンテナ）,1 ,台,18000 ,19800 ,11000 
2022-03-25,三機工業　株式会社　（八戸市/佐藤）,458244,運搬費（4ｔﾕﾆｯｸ）,2 ,台,19000 ,41800 ,5500 
2022-01-06,三機工業　株式会社　（葛西/山本）,446245,運搬費（4ｔｃ）,1 ,台,21000 ,23100 ,11000 
2022-01-06,三機工業　株式会社　（葛西/山本）,446251,運搬費（4ｔｃ）,1 ,台,21000 ,23100 ,23100 
2022-01-12,三機工業　株式会社　（葛西/山本）,445971,運搬費（10ｔｗ）,1 ,台,35000 ,38500 ,23100 
2022-02-01,三機工業　株式会社　（葛西/山本）,449022,運搬費（4ｔｃ）返品分運搬費,1 ,台,21000 ,23100 ,38500 
2022-02-01,三機工業　株式会社　（葛西/山本）,449702,運搬費（4ｔｃ）,1 ,台,21000 ,23100 ,23100 
2022-02-03,三機工業　株式会社　（葛西/山本）,449201,運搬費（4ｔｃ）,1 ,台,21000 ,23100 ,23100 
2022-02-22,三機工業　株式会社　（葛西/山本）,451681,運搬費（4ｔｃ）,1 ,台,21000 ,23100 ,23100 
2022-03-01,三機工業　株式会社　（葛西/山本）,452862,運搬費（4ｔﾕﾆｯｸ）,1 ,台,28000 ,30800 ,23100 
2022-03-01,三機工業　株式会社　（葛西/山本）,452869,運搬費（10ｔダンプ）,1 ,台,35000 ,38500 ,30800 
2022-03-24,三機工業　株式会社　（葛西/山本）,457405,運搬費（4ｔｄ）,1 ,台,20000 ,22000 ,38500 
2022-03-24,三機工業　株式会社　（葛西/山本）,457410,運搬費（4ｔｄ）,1 ,台,20000 ,22000 ,22000 
2022-03-24,三機工業　株式会社　（葛西/山本）,457418,運搬費（4ｔﾕﾆｯｸ半日作業費）,1 ,台,35000 ,38500 ,22000 
2022-03-24,三機工業　株式会社　（葛西/山本）,457557,運搬費（4ｔｄ）,1 ,台,20000 ,22000 ,38500 
2022-03-24,三機工業　株式会社　（葛西/山本）,457559,運搬費（4ｔｄ）,1 ,台,20000 ,22000 ,22000 
2022-03-24,三機工業　株式会社　（葛西/山本）,457563,運搬費（4ｔｄ）,1 ,台,20000 ,22000 ,22000 
2022-03-24,三機工業　株式会社　（葛西/山本）,457574,運搬費（4ｔｄ）,1 ,台,20000 ,22000 ,22000 
2022-02-01,三機工業　株式会社　（浅川/下池）,449192,コンテナ設置費,1 ,台,12000 ,13200 ,22000 
2022-02-14,三機工業　株式会社　（葛西/阿部）,450544,コンテナ設置費,1 ,台,12000 ,13200 ,13200 
2022-02-24,三機工業　株式会社　（葛西/阿部）,453067,運搬費（4ｔｃ）,1 ,台,21000 ,23100 ,13200 
2022-03-02,三機工業　株式会社　（葛西/阿部）,453839,コンテナ設置費,1 ,台,12000 ,13200 ,23100 
2022-03-08,三機工業　株式会社　（葛西/阿部）,454309,運搬費（4ｔｃ）,1 ,台,21000 ,23100 ,13200 
2022-03-17,三機工業　株式会社　（葛西/阿部）,456214,運搬費（3ｔｃ）,1 ,台,21000 ,23100 ,23100 
2022-03-17,三機工業　株式会社　（葛西/阿部）,456217,運搬費（4ｔｃ）,1 ,台,21000 ,23100 ,23100 
2022-03-22,三機工業　株式会社　（葛西/阿部）,456820,運搬費（10ｔｄ）,1 ,台,35000 ,38500 ,23100 
2022-03-22,三機工業　株式会社　（葛西/阿部）,456820,運搬費（4ｔﾕﾆｯｸ作業のみ）,1 ,台,28000 ,30800 ,38500 
2022-03-03,三機工業　株式会社　（朝霞/田中）,454057,運搬費（ヒアブ車）,1 ,台,27000 ,29700 ,30800 
2022-03-03,三機工業　株式会社　（朝霞/田中）,454057,運搬費（大型車）,1 ,台,25000 ,27500 ,29700 
2022-03-10,三機工業　株式会社　（朝霞/田中）,454456,運搬費（4ｔﾕﾆｯｸ）,1 ,台,30000 ,33000 ,27500 
,,,,,,,,
